"id";"code";"name"
1;"110000";"北京市"
2;"110101";"东城区"
3;"110102";"西城区"
4;"110105";"朝阳区"
5;"110106";"丰台区"
6;"110107";"石景山区"
7;"110108";"海淀区"
8;"110109";"门头沟区"
9;"110111";"房山区"
10;"110112";"通州区"
11;"110113";"顺义区"
12;"110114";"昌平区"
13;"110115";"大兴区"
14;"110116";"怀柔区"
15;"110117";"平谷区"
16;"110118";"密云区"
17;"110119";"延庆区"
18;"120000";"天津市"
19;"120101";"和平区"
20;"120102";"河东区"
21;"120103";"河西区"
22;"120104";"南开区"
23;"120105";"河北区"
24;"120106";"红桥区"
25;"120110";"东丽区"
26;"120111";"西青区"
27;"120112";"津南区"
28;"120113";"北辰区"
29;"120114";"武清区"
30;"120115";"宝坻区"
31;"120116";"滨海新区"
32;"120117";"宁河区"
33;"120118";"静海区"
34;"120119";"蓟州区"
35;"130000";"河北省"
36;"130100";"石家庄市"
37;"130102";"长安区"
38;"130104";"桥西区"
39;"130105";"新华区"
40;"130107";"井陉矿区"
41;"130108";"裕华区"
42;"130109";"藁城区"
43;"130110";"鹿泉区"
44;"130111";"栾城区"
45;"130121";"井陉县"
46;"130123";"正定县"
47;"130125";"行唐县"
48;"130126";"灵寿县"
49;"130127";"高邑县"
50;"130128";"深泽县"
51;"130129";"赞皇县"
52;"130130";"无极县"
53;"130131";"平山县"
54;"130132";"元氏县"
55;"130133";"赵县"
56;"130181";"辛集市"
57;"130183";"晋州市"
58;"130184";"新乐市"
59;"130200";"唐山市"
60;"130202";"路南区"
61;"130203";"路北区"
62;"130204";"古冶区"
63;"130205";"开平区"
64;"130207";"丰南区"
65;"130208";"丰润区"
66;"130209";"曹妃甸区"
67;"130224";"滦南县"
68;"130225";"乐亭县"
69;"130227";"迁西县"
70;"130229";"玉田县"
71;"130281";"遵化市"
72;"130283";"迁安市"
73;"130284";"滦州市"
74;"130300";"秦皇岛市"
75;"130302";"海港区"
76;"130303";"山海关区"
77;"130304";"北戴河区"
78;"130306";"抚宁区"
79;"130321";"青龙满族自治县"
80;"130322";"昌黎县"
81;"130324";"卢龙县"
82;"130400";"邯郸市"
83;"130402";"邯山区"
84;"130403";"丛台区"
85;"130404";"复兴区"
86;"130406";"峰峰矿区"
87;"130407";"肥乡区"
88;"130408";"永年区"
89;"130423";"临漳县"
90;"130424";"成安县"
91;"130425";"大名县"
92;"130426";"涉县"
93;"130427";"磁县"
94;"130430";"邱县"
95;"130431";"鸡泽县"
96;"130432";"广平县"
97;"130433";"馆陶县"
98;"130434";"魏县"
99;"130435";"曲周县"
100;"130481";"武安市"
101;"130500";"邢台市"
102;"130502";"桥东区"
103;"130503";"桥西区"
104;"130521";"邢台县"
105;"130522";"临城县"
106;"130523";"内丘县"
107;"130524";"柏乡县"
108;"130525";"隆尧县"
109;"130526";"任县"
110;"130527";"南和县"
111;"130528";"宁晋县"
112;"130529";"巨鹿县"
113;"130530";"新河县"
114;"130531";"广宗县"
115;"130532";"平乡县"
116;"130533";"威县"
117;"130534";"清河县"
118;"130535";"临西县"
119;"130581";"南宫市"
120;"130582";"沙河市"
121;"130600";"保定市"
122;"130602";"竞秀区"
123;"130606";"莲池区"
124;"130607";"满城区"
125;"130608";"清苑区"
126;"130609";"徐水区"
127;"130623";"涞水县"
128;"130624";"阜平县"
129;"130626";"定兴县"
130;"130627";"唐县"
131;"130628";"高阳县"
132;"130629";"容城县"
133;"130630";"涞源县"
134;"130631";"望都县"
135;"130632";"安新县"
136;"130633";"易县"
137;"130634";"曲阳县"
138;"130635";"蠡县"
139;"130636";"顺平县"
140;"130637";"博野县"
141;"130638";"雄县"
142;"130681";"涿州市"
143;"130682";"定州市"
144;"130683";"安国市"
145;"130684";"高碑店市"
146;"130700";"张家口市"
147;"130702";"桥东区"
148;"130703";"桥西区"
149;"130705";"宣化区"
150;"130706";"下花园区"
151;"130708";"万全区"
152;"130709";"崇礼区"
153;"130722";"张北县"
154;"130723";"康保县"
155;"130724";"沽源县"
156;"130725";"尚义县"
157;"130726";"蔚县"
158;"130727";"阳原县"
159;"130728";"怀安县"
160;"130730";"怀来县"
161;"130731";"涿鹿县"
162;"130732";"赤城县"
163;"130800";"承德市"
164;"130802";"双桥区"
165;"130803";"双滦区"
166;"130804";"鹰手营子矿区"
167;"130821";"承德县"
168;"130822";"兴隆县"
169;"130824";"滦平县"
170;"130825";"隆化县"
171;"130826";"丰宁满族自治县"
172;"130827";"宽城满族自治县"
173;"130828";"围场满族蒙古族自治县"
174;"130881";"平泉市"
175;"130900";"沧州市"
176;"130902";"新华区"
177;"130903";"运河区"
178;"130921";"沧县"
179;"130922";"青县"
180;"130923";"东光县"
181;"130924";"海兴县"
182;"130925";"盐山县"
183;"130926";"肃宁县"
184;"130927";"南皮县"
185;"130928";"吴桥县"
186;"130929";"献县"
187;"130930";"孟村回族自治县"
188;"130981";"泊头市"
189;"130982";"任丘市"
190;"130983";"黄骅市"
191;"130984";"河间市"
192;"131000";"廊坊市"
193;"131002";"安次区"
194;"131003";"广阳区"
195;"131022";"固安县"
196;"131023";"永清县"
197;"131024";"香河县"
198;"131025";"大城县"
199;"131026";"文安县"
200;"131028";"大厂回族自治县"
201;"131081";"霸州市"
202;"131082";"三河市"
203;"131100";"衡水市"
204;"131102";"桃城区"
205;"131103";"冀州区"
206;"131121";"枣强县"
207;"131122";"武邑县"
208;"131123";"武强县"
209;"131124";"饶阳县"
210;"131125";"安平县"
211;"131126";"故城县"
212;"131127";"景县"
213;"131128";"阜城县"
214;"131182";"深州市"
215;"140000";"山西省"
216;"140100";"太原市"
217;"140105";"小店区"
218;"140106";"迎泽区"
219;"140107";"杏花岭区"
220;"140108";"尖草坪区"
221;"140109";"万柏林区"
222;"140110";"晋源区"
223;"140121";"清徐县"
224;"140122";"阳曲县"
225;"140123";"娄烦县"
226;"140181";"古交市"
227;"140200";"大同市"
228;"140212";"新荣区"
229;"140213";"平城区"
230;"140214";"云冈区"
231;"140215";"云州区"
232;"140221";"阳高县"
233;"140222";"天镇县"
234;"140223";"广灵县"
235;"140224";"灵丘县"
236;"140225";"浑源县"
237;"140226";"左云县"
238;"140300";"阳泉市"
239;"140302";"城区"
240;"140303";"矿区"
241;"140311";"郊区"
242;"140321";"平定县"
243;"140322";"盂县"
244;"140400";"长治市"
245;"140403";"潞州区"
246;"140404";"上党区"
247;"140405";"屯留区"
248;"140406";"潞城区"
249;"140423";"襄垣县"
250;"140425";"平顺县"
251;"140426";"黎城县"
252;"140427";"壶关县"
253;"140428";"长子县"
254;"140429";"武乡县"
255;"140430";"沁县"
256;"140431";"沁源县"
257;"140500";"晋城市"
258;"140502";"城区"
259;"140521";"沁水县"
260;"140522";"阳城县"
261;"140524";"陵川县"
262;"140525";"泽州县"
263;"140581";"高平市"
264;"140600";"朔州市"
265;"140602";"朔城区"
266;"140603";"平鲁区"
267;"140621";"山阴县"
268;"140622";"应县"
269;"140623";"右玉县"
270;"140681";"怀仁市"
271;"140700";"晋中市"
272;"140702";"榆次区"
273;"140721";"榆社县"
274;"140722";"左权县"
275;"140723";"和顺县"
276;"140724";"昔阳县"
277;"140725";"寿阳县"
278;"140726";"太谷县"
279;"140727";"祁县"
280;"140728";"平遥县"
281;"140729";"灵石县"
282;"140781";"介休市"
283;"140800";"运城市"
284;"140802";"盐湖区"
285;"140821";"临猗县"
286;"140822";"万荣县"
287;"140823";"闻喜县"
288;"140824";"稷山县"
289;"140825";"新绛县"
290;"140826";"绛县"
291;"140827";"垣曲县"
292;"140828";"夏县"
293;"140829";"平陆县"
294;"140830";"芮城县"
295;"140881";"永济市"
296;"140882";"河津市"
297;"140900";"忻州市"
298;"140902";"忻府区"
299;"140921";"定襄县"
300;"140922";"五台县"
301;"140923";"代县"
302;"140924";"繁峙县"
303;"140925";"宁武县"
304;"140926";"静乐县"
305;"140927";"神池县"
306;"140928";"五寨县"
307;"140929";"岢岚县"
308;"140930";"河曲县"
309;"140931";"保德县"
310;"140932";"偏关县"
311;"140981";"原平市"
312;"141000";"临汾市"
313;"141002";"尧都区"
314;"141021";"曲沃县"
315;"141022";"翼城县"
316;"141023";"襄汾县"
317;"141024";"洪洞县"
318;"141025";"古县"
319;"141026";"安泽县"
320;"141027";"浮山县"
321;"141028";"吉县"
322;"141029";"乡宁县"
323;"141030";"大宁县"
324;"141031";"隰县"
325;"141032";"永和县"
326;"141033";"蒲县"
327;"141034";"汾西县"
328;"141081";"侯马市"
329;"141082";"霍州市"
330;"141100";"吕梁市"
331;"141102";"离石区"
332;"141121";"文水县"
333;"141122";"交城县"
334;"141123";"兴县"
335;"141124";"临县"
336;"141125";"柳林县"
337;"141126";"石楼县"
338;"141127";"岚县"
339;"141128";"方山县"
340;"141129";"中阳县"
341;"141130";"交口县"
342;"141181";"孝义市"
343;"141182";"汾阳市"
344;"150000";"内蒙古自治区"
345;"150100";"呼和浩特市"
346;"150102";"新城区"
347;"150103";"回民区"
348;"150104";"玉泉区"
349;"150105";"赛罕区"
350;"150121";"土默特左旗"
351;"150122";"托克托县"
352;"150123";"和林格尔县"
353;"150124";"清水河县"
354;"150125";"武川县"
355;"150200";"包头市"
356;"150202";"东河区"
357;"150203";"昆都仑区"
358;"150204";"青山区"
359;"150205";"石拐区"
360;"150206";"白云鄂博矿区"
361;"150207";"九原区"
362;"150221";"土默特右旗"
363;"150222";"固阳县"
364;"150223";"达尔罕茂明安联合旗"
365;"150300";"乌海市"
366;"150302";"海勃湾区"
367;"150303";"海南区"
368;"150304";"乌达区"
369;"150400";"赤峰市"
370;"150402";"红山区"
371;"150403";"元宝山区"
372;"150404";"松山区"
373;"150421";"阿鲁科尔沁旗"
374;"150422";"巴林左旗"
375;"150423";"巴林右旗"
376;"150424";"林西县"
377;"150425";"克什克腾旗"
378;"150426";"翁牛特旗"
379;"150428";"喀喇沁旗"
380;"150429";"宁城县"
381;"150430";"敖汉旗"
382;"150500";"通辽市"
383;"150502";"科尔沁区"
384;"150521";"科尔沁左翼中旗"
385;"150522";"科尔沁左翼后旗"
386;"150523";"开鲁县"
387;"150524";"库伦旗"
388;"150525";"奈曼旗"
389;"150526";"扎鲁特旗"
390;"150581";"霍林郭勒市"
391;"150600";"鄂尔多斯市"
392;"150602";"东胜区"
393;"150603";"康巴什区"
394;"150621";"达拉特旗"
395;"150622";"准格尔旗"
396;"150623";"鄂托克前旗"
397;"150624";"鄂托克旗"
398;"150625";"杭锦旗"
399;"150626";"乌审旗"
400;"150627";"伊金霍洛旗"
401;"150700";"呼伦贝尔市"
402;"150702";"海拉尔区"
403;"150703";"扎赉诺尔区"
404;"150721";"阿荣旗"
405;"150722";"莫力达瓦达斡尔族自治旗"
406;"150723";"鄂伦春自治旗"
407;"150724";"鄂温克族自治旗"
408;"150725";"陈巴尔虎旗"
409;"150726";"新巴尔虎左旗"
410;"150727";"新巴尔虎右旗"
411;"150781";"满洲里市"
412;"150782";"牙克石市"
413;"150783";"扎兰屯市"
414;"150784";"额尔古纳市"
415;"150785";"根河市"
416;"150800";"巴彦淖尔市"
417;"150802";"临河区"
418;"150821";"五原县"
419;"150822";"磴口县"
420;"150823";"乌拉特前旗"
421;"150824";"乌拉特中旗"
422;"150825";"乌拉特后旗"
423;"150826";"杭锦后旗"
424;"150900";"乌兰察布市"
425;"150902";"集宁区"
426;"150921";"卓资县"
427;"150922";"化德县"
428;"150923";"商都县"
429;"150924";"兴和县"
430;"150925";"凉城县"
431;"150926";"察哈尔右翼前旗"
432;"150927";"察哈尔右翼中旗"
433;"150928";"察哈尔右翼后旗"
434;"150929";"四子王旗"
435;"150981";"丰镇市"
436;"152200";"兴安盟"
437;"152201";"乌兰浩特市"
438;"152202";"阿尔山市"
439;"152221";"科尔沁右翼前旗"
440;"152222";"科尔沁右翼中旗"
441;"152223";"扎赉特旗"
442;"152224";"突泉县"
443;"152500";"锡林郭勒盟"
444;"152501";"二连浩特市"
445;"152502";"锡林浩特市"
446;"152522";"阿巴嘎旗"
447;"152523";"苏尼特左旗"
448;"152524";"苏尼特右旗"
449;"152525";"东乌珠穆沁旗"
450;"152526";"西乌珠穆沁旗"
451;"152527";"太仆寺旗"
452;"152528";"镶黄旗"
453;"152529";"正镶白旗"
454;"152530";"正蓝旗"
455;"152531";"多伦县"
456;"152900";"阿拉善盟"
457;"152921";"阿拉善左旗"
458;"152922";"阿拉善右旗"
459;"152923";"额济纳旗"
460;"210000";"辽宁省"
461;"210100";"沈阳市"
462;"210102";"和平区"
463;"210103";"沈河区"
464;"210104";"大东区"
465;"210105";"皇姑区"
466;"210106";"铁西区"
467;"210111";"苏家屯区"
468;"210112";"浑南区"
469;"210113";"沈北新区"
470;"210114";"于洪区"
471;"210115";"辽中区"
472;"210123";"康平县"
473;"210124";"法库县"
474;"210181";"新民市"
475;"210200";"大连市"
476;"210202";"中山区"
477;"210203";"西岗区"
478;"210204";"沙河口区"
479;"210211";"甘井子区"
480;"210212";"旅顺口区"
481;"210213";"金州区"
482;"210214";"普兰店区"
483;"210224";"长海县"
484;"210281";"瓦房店市"
485;"210283";"庄河市"
486;"210300";"鞍山市"
487;"210302";"铁东区"
488;"210303";"铁西区"
489;"210304";"立山区"
490;"210311";"千山区"
491;"210321";"台安县"
492;"210323";"岫岩满族自治县"
493;"210381";"海城市"
494;"210400";"抚顺市"
495;"210402";"新抚区"
496;"210403";"东洲区"
497;"210404";"望花区"
498;"210411";"顺城区"
499;"210421";"抚顺县"
500;"210422";"新宾满族自治县"
501;"210423";"清原满族自治县"
502;"210500";"本溪市"
503;"210502";"平山区"
504;"210503";"溪湖区"
505;"210504";"明山区"
506;"210505";"南芬区"
507;"210521";"本溪满族自治县"
508;"210522";"桓仁满族自治县"
509;"210600";"丹东市"
510;"210602";"元宝区"
511;"210603";"振兴区"
512;"210604";"振安区"
513;"210624";"宽甸满族自治县"
514;"210681";"东港市"
515;"210682";"凤城市"
516;"210700";"锦州市"
517;"210702";"古塔区"
518;"210703";"凌河区"
519;"210711";"太和区"
520;"210726";"黑山县"
521;"210727";"义县"
522;"210781";"凌海市"
523;"210782";"北镇市"
524;"210800";"营口市"
525;"210802";"站前区"
526;"210803";"西市区"
527;"210804";"鲅鱼圈区"
528;"210811";"老边区"
529;"210881";"盖州市"
530;"210882";"大石桥市"
531;"210900";"阜新市"
532;"210902";"海州区"
533;"210903";"新邱区"
534;"210904";"太平区"
535;"210905";"清河门区"
536;"210911";"细河区"
537;"210921";"阜新蒙古族自治县"
538;"210922";"彰武县"
539;"211000";"辽阳市"
540;"211002";"白塔区"
541;"211003";"文圣区"
542;"211004";"宏伟区"
543;"211005";"弓长岭区"
544;"211011";"太子河区"
545;"211021";"辽阳县"
546;"211081";"灯塔市"
547;"211100";"盘锦市"
548;"211102";"双台子区"
549;"211103";"兴隆台区"
550;"211104";"大洼区"
551;"211122";"盘山县"
552;"211200";"铁岭市"
553;"211202";"银州区"
554;"211204";"清河区"
555;"211221";"铁岭县"
556;"211223";"西丰县"
557;"211224";"昌图县"
558;"211281";"调兵山市"
559;"211282";"开原市"
560;"211300";"朝阳市"
561;"211302";"双塔区"
562;"211303";"龙城区"
563;"211321";"朝阳县"
564;"211322";"建平县"
565;"211324";"喀喇沁左翼蒙古族自治县"
566;"211381";"北票市"
567;"211382";"凌源市"
568;"211400";"葫芦岛市"
569;"211402";"连山区"
570;"211403";"龙港区"
571;"211404";"南票区"
572;"211421";"绥中县"
573;"211422";"建昌县"
574;"211481";"兴城市"
575;"220000";"吉林省"
576;"220100";"长春市"
577;"220102";"南关区"
578;"220103";"宽城区"
579;"220104";"朝阳区"
580;"220105";"二道区"
581;"220106";"绿园区"
582;"220112";"双阳区"
583;"220113";"九台区"
584;"220122";"农安县"
585;"220182";"榆树市"
586;"220183";"德惠市"
587;"220200";"吉林市"
588;"220202";"昌邑区"
589;"220203";"龙潭区"
590;"220204";"船营区"
591;"220211";"丰满区"
592;"220221";"永吉县"
593;"220281";"蛟河市"
594;"220282";"桦甸市"
595;"220283";"舒兰市"
596;"220284";"磐石市"
597;"220300";"四平市"
598;"220302";"铁西区"
599;"220303";"铁东区"
600;"220322";"梨树县"
601;"220323";"伊通满族自治县"
602;"220381";"公主岭市"
603;"220382";"双辽市"
604;"220400";"辽源市"
605;"220402";"龙山区"
606;"220403";"西安区"
607;"220421";"东丰县"
608;"220422";"东辽县"
609;"220500";"通化市"
610;"220502";"东昌区"
611;"220503";"二道江区"
612;"220521";"通化县"
613;"220523";"辉南县"
614;"220524";"柳河县"
615;"220581";"梅河口市"
616;"220582";"集安市"
617;"220600";"白山市"
618;"220602";"浑江区"
619;"220605";"江源区"
620;"220621";"抚松县"
621;"220622";"靖宇县"
622;"220623";"长白朝鲜族自治县"
623;"220681";"临江市"
624;"220700";"松原市"
625;"220702";"宁江区"
626;"220721";"前郭尔罗斯蒙古族自治县"
627;"220722";"长岭县"
628;"220723";"乾安县"
629;"220781";"扶余市"
630;"220800";"白城市"
631;"220802";"洮北区"
632;"220821";"镇赉县"
633;"220822";"通榆县"
634;"220881";"洮南市"
635;"220882";"大安市"
636;"222400";"延边朝鲜族自治州"
637;"222401";"延吉市"
638;"222402";"图们市"
639;"222403";"敦化市"
640;"222404";"珲春市"
641;"222405";"龙井市"
642;"222406";"和龙市"
643;"222424";"汪清县"
644;"222426";"安图县"
645;"230000";"黑龙江省"
646;"230100";"哈尔滨市"
647;"230102";"道里区"
648;"230103";"南岗区"
649;"230104";"道外区"
650;"230108";"平房区"
651;"230109";"松北区"
652;"230110";"香坊区"
653;"230111";"呼兰区"
654;"230112";"阿城区"
655;"230113";"双城区"
656;"230123";"依兰县"
657;"230124";"方正县"
658;"230125";"宾县"
659;"230126";"巴彦县"
660;"230127";"木兰县"
661;"230128";"通河县"
662;"230129";"延寿县"
663;"230183";"尚志市"
664;"230184";"五常市"
665;"230200";"齐齐哈尔市"
666;"230202";"龙沙区"
667;"230203";"建华区"
668;"230204";"铁锋区"
669;"230205";"昂昂溪区"
670;"230206";"富拉尔基区"
671;"230207";"碾子山区"
672;"230208";"梅里斯达斡尔族区"
673;"230221";"龙江县"
674;"230223";"依安县"
675;"230224";"泰来县"
676;"230225";"甘南县"
677;"230227";"富裕县"
678;"230229";"克山县"
679;"230230";"克东县"
680;"230231";"拜泉县"
681;"230281";"讷河市"
682;"230300";"鸡西市"
683;"230302";"鸡冠区"
684;"230303";"恒山区"
685;"230304";"滴道区"
686;"230305";"梨树区"
687;"230306";"城子河区"
688;"230307";"麻山区"
689;"230321";"鸡东县"
690;"230381";"虎林市"
691;"230382";"密山市"
692;"230400";"鹤岗市"
693;"230402";"向阳区"
694;"230403";"工农区"
695;"230404";"南山区"
696;"230405";"兴安区"
697;"230406";"东山区"
698;"230407";"兴山区"
699;"230421";"萝北县"
700;"230422";"绥滨县"
701;"230500";"双鸭山市"
702;"230502";"尖山区"
703;"230503";"岭东区"
704;"230505";"四方台区"
705;"230506";"宝山区"
706;"230521";"集贤县"
707;"230522";"友谊县"
708;"230523";"宝清县"
709;"230524";"饶河县"
710;"230600";"大庆市"
711;"230602";"萨尔图区"
712;"230603";"龙凤区"
713;"230604";"让胡路区"
714;"230605";"红岗区"
715;"230606";"大同区"
716;"230621";"肇州县"
717;"230622";"肇源县"
718;"230623";"林甸县"
719;"230624";"杜尔伯特蒙古族自治县"
720;"230700";"伊春市"
721;"230717";"伊美区"
722;"230718";"乌翠区"
723;"230719";"友好区"
724;"230722";"嘉荫县"
725;"230723";"汤旺县"
726;"230724";"丰林县"
727;"230725";"大箐山县"
728;"230726";"南岔县"
729;"230751";"金林区"
730;"230781";"铁力市"
731;"230800";"佳木斯市"
732;"230803";"向阳区"
733;"230804";"前进区"
734;"230805";"东风区"
735;"230811";"郊区"
736;"230822";"桦南县"
737;"230826";"桦川县"
738;"230828";"汤原县"
739;"230881";"同江市"
740;"230882";"富锦市"
741;"230883";"抚远市"
742;"230900";"七台河市"
743;"230902";"新兴区"
744;"230903";"桃山区"
745;"230904";"茄子河区"
746;"230921";"勃利县"
747;"231000";"牡丹江市"
748;"231002";"东安区"
749;"231003";"阳明区"
750;"231004";"爱民区"
751;"231005";"西安区"
752;"231025";"林口县"
753;"231081";"绥芬河市"
754;"231083";"海林市"
755;"231084";"宁安市"
756;"231085";"穆棱市"
757;"231086";"东宁市"
758;"231100";"黑河市"
759;"231102";"爱辉区"
760;"231121";"嫩江县"
761;"231123";"逊克县"
762;"231124";"孙吴县"
763;"231181";"北安市"
764;"231182";"五大连池市"
765;"231200";"绥化市"
766;"231202";"北林区"
767;"231221";"望奎县"
768;"231222";"兰西县"
769;"231223";"青冈县"
770;"231224";"庆安县"
771;"231225";"明水县"
772;"231226";"绥棱县"
773;"231281";"安达市"
774;"231282";"肇东市"
775;"231283";"海伦市"
776;"232700";"大兴安岭地区"
777;"232701";"漠河市"
778;"232721";"呼玛县"
779;"232722";"塔河县"
780;"310000";"上海市"
781;"310101";"黄浦区"
782;"310104";"徐汇区"
783;"310105";"长宁区"
784;"310106";"静安区"
785;"310107";"普陀区"
786;"310109";"虹口区"
787;"310110";"杨浦区"
788;"310112";"闵行区"
789;"310113";"宝山区"
790;"310114";"嘉定区"
791;"310115";"浦东新区"
792;"310116";"金山区"
793;"310117";"松江区"
794;"310118";"青浦区"
795;"310120";"奉贤区"
796;"310151";"崇明区"
797;"320000";"江苏省"
798;"320100";"南京市"
799;"320102";"玄武区"
800;"320104";"秦淮区"
801;"320105";"建邺区"
802;"320106";"鼓楼区"
803;"320111";"浦口区"
804;"320113";"栖霞区"
805;"320114";"雨花台区"
806;"320115";"江宁区"
807;"320116";"六合区"
808;"320117";"溧水区"
809;"320118";"高淳区"
810;"320200";"无锡市"
811;"320205";"锡山区"
812;"320206";"惠山区"
813;"320211";"滨湖区"
814;"320213";"梁溪区"
815;"320214";"新吴区"
816;"320281";"江阴市"
817;"320282";"宜兴市"
818;"320300";"徐州市"
819;"320302";"鼓楼区"
820;"320303";"云龙区"
821;"320305";"贾汪区"
822;"320311";"泉山区"
823;"320312";"铜山区"
824;"320321";"丰县"
825;"320322";"沛县"
826;"320324";"睢宁县"
827;"320381";"新沂市"
828;"320382";"邳州市"
829;"320400";"常州市"
830;"320402";"天宁区"
831;"320404";"钟楼区"
832;"320411";"新北区"
833;"320412";"武进区"
834;"320413";"金坛区"
835;"320481";"溧阳市"
836;"320500";"苏州市"
837;"320505";"虎丘区"
838;"320506";"吴中区"
839;"320507";"相城区"
840;"320508";"姑苏区"
841;"320509";"吴江区"
842;"320581";"常熟市"
843;"320582";"张家港市"
844;"320583";"昆山市"
845;"320585";"太仓市"
846;"320600";"南通市"
847;"320602";"崇川区"
848;"320611";"港闸区"
849;"320612";"通州区"
850;"320623";"如东县"
851;"320681";"启东市"
852;"320682";"如皋市"
853;"320684";"海门市"
854;"320685";"海安市"
855;"320700";"连云港市"
856;"320703";"连云区"
857;"320706";"海州区"
858;"320707";"赣榆区"
859;"320722";"东海县"
860;"320723";"灌云县"
861;"320724";"灌南县"
862;"320800";"淮安市"
863;"320803";"淮安区"
864;"320804";"淮阴区"
865;"320812";"清江浦区"
866;"320813";"洪泽区"
867;"320826";"涟水县"
868;"320830";"盱眙县"
869;"320831";"金湖县"
870;"320900";"盐城市"
871;"320902";"亭湖区"
872;"320903";"盐都区"
873;"320904";"大丰区"
874;"320921";"响水县"
875;"320922";"滨海县"
876;"320923";"阜宁县"
877;"320924";"射阳县"
878;"320925";"建湖县"
879;"320981";"东台市"
880;"321000";"扬州市"
881;"321002";"广陵区"
882;"321003";"邗江区"
883;"321012";"江都区"
884;"321023";"宝应县"
885;"321081";"仪征市"
886;"321084";"高邮市"
887;"321100";"镇江市"
888;"321102";"京口区"
889;"321111";"润州区"
890;"321112";"丹徒区"
891;"321181";"丹阳市"
892;"321182";"扬中市"
893;"321183";"句容市"
894;"321200";"泰州市"
895;"321202";"海陵区"
896;"321203";"高港区"
897;"321204";"姜堰区"
898;"321281";"兴化市"
899;"321282";"靖江市"
900;"321283";"泰兴市"
901;"321300";"宿迁市"
902;"321302";"宿城区"
903;"321311";"宿豫区"
904;"321322";"沭阳县"
905;"321323";"泗阳县"
906;"321324";"泗洪县"
907;"330000";"浙江省"
908;"330100";"杭州市"
909;"330102";"上城区"
910;"330103";"下城区"
911;"330104";"江干区"
912;"330105";"拱墅区"
913;"330106";"西湖区"
914;"330108";"滨江区"
915;"330109";"萧山区"
916;"330110";"余杭区"
917;"330111";"富阳区"
918;"330112";"临安区"
919;"330122";"桐庐县"
920;"330127";"淳安县"
921;"330182";"建德市"
922;"330200";"宁波市"
923;"330203";"海曙区"
924;"330205";"江北区"
925;"330206";"北仑区"
926;"330211";"镇海区"
927;"330212";"鄞州区"
928;"330213";"奉化区"
929;"330225";"象山县"
930;"330226";"宁海县"
931;"330281";"余姚市"
932;"330282";"慈溪市"
933;"330300";"温州市"
934;"330302";"鹿城区"
935;"330303";"龙湾区"
936;"330304";"瓯海区"
937;"330305";"洞头区"
938;"330324";"永嘉县"
939;"330326";"平阳县"
940;"330327";"苍南县"
941;"330328";"文成县"
942;"330329";"泰顺县"
943;"330381";"瑞安市"
944;"330382";"乐清市"
945;"330383";"龙港市"
946;"330400";"嘉兴市"
947;"330402";"南湖区"
948;"330411";"秀洲区"
949;"330421";"嘉善县"
950;"330424";"海盐县"
951;"330481";"海宁市"
952;"330482";"平湖市"
953;"330483";"桐乡市"
954;"330500";"湖州市"
955;"330502";"吴兴区"
956;"330503";"南浔区"
957;"330521";"德清县"
958;"330522";"长兴县"
959;"330523";"安吉县"
960;"330600";"绍兴市"
961;"330602";"越城区"
962;"330603";"柯桥区"
963;"330604";"上虞区"
964;"330624";"新昌县"
965;"330681";"诸暨市"
966;"330683";"嵊州市"
967;"330700";"金华市"
968;"330702";"婺城区"
969;"330703";"金东区"
970;"330723";"武义县"
971;"330726";"浦江县"
972;"330727";"磐安县"
973;"330781";"兰溪市"
974;"330782";"义乌市"
975;"330783";"东阳市"
976;"330784";"永康市"
977;"330800";"衢州市"
978;"330802";"柯城区"
979;"330803";"衢江区"
980;"330822";"常山县"
981;"330824";"开化县"
982;"330825";"龙游县"
983;"330881";"江山市"
984;"330900";"舟山市"
985;"330902";"定海区"
986;"330903";"普陀区"
987;"330921";"岱山县"
988;"330922";"嵊泗县"
989;"331000";"台州市"
990;"331002";"椒江区"
991;"331003";"黄岩区"
992;"331004";"路桥区"
993;"331022";"三门县"
994;"331023";"天台县"
995;"331024";"仙居县"
996;"331081";"温岭市"
997;"331082";"临海市"
998;"331083";"玉环市"
999;"331100";"丽水市"
1000;"331102";"莲都区"
1001;"331121";"青田县"
1002;"331122";"缙云县"
1003;"331123";"遂昌县"
1004;"331124";"松阳县"
1005;"331125";"云和县"
1006;"331126";"庆元县"
1007;"331127";"景宁畲族自治县"
1008;"331181";"龙泉市"
1009;"340000";"安徽省"
1010;"340100";"合肥市"
1011;"340102";"瑶海区"
1012;"340103";"庐阳区"
1013;"340104";"蜀山区"
1014;"340111";"包河区"
1015;"340121";"长丰县"
1016;"340122";"肥东县"
1017;"340123";"肥西县"
1018;"340124";"庐江县"
1019;"340181";"巢湖市"
1020;"340200";"芜湖市"
1021;"340202";"镜湖区"
1022;"340203";"弋江区"
1023;"340207";"鸠江区"
1024;"340208";"三山区"
1025;"340221";"芜湖县"
1026;"340222";"繁昌县"
1027;"340223";"南陵县"
1028;"340225";"无为县"
1029;"340300";"蚌埠市"
1030;"340302";"龙子湖区"
1031;"340303";"蚌山区"
1032;"340304";"禹会区"
1033;"340311";"淮上区"
1034;"340321";"怀远县"
1035;"340322";"五河县"
1036;"340323";"固镇县"
1037;"340400";"淮南市"
1038;"340402";"大通区"
1039;"340403";"田家庵区"
1040;"340404";"谢家集区"
1041;"340405";"八公山区"
1042;"340406";"潘集区"
1043;"340421";"凤台县"
1044;"340422";"寿县"
1045;"340500";"马鞍山市"
1046;"340503";"花山区"
1047;"340504";"雨山区"
1048;"340506";"博望区"
1049;"340521";"当涂县"
1050;"340522";"含山县"
1051;"340523";"和县"
1052;"340600";"淮北市"
1053;"340602";"杜集区"
1054;"340603";"相山区"
1055;"340604";"烈山区"
1056;"340621";"濉溪县"
1057;"340700";"铜陵市"
1058;"340705";"铜官区"
1059;"340706";"义安区"
1060;"340711";"郊区"
1061;"340722";"枞阳县"
1062;"340800";"安庆市"
1063;"340802";"迎江区"
1064;"340803";"大观区"
1065;"340811";"宜秀区"
1066;"340822";"怀宁县"
1067;"340825";"太湖县"
1068;"340826";"宿松县"
1069;"340827";"望江县"
1070;"340828";"岳西县"
1071;"340881";"桐城市"
1072;"340882";"潜山市"
1073;"341000";"黄山市"
1074;"341002";"屯溪区"
1075;"341003";"黄山区"
1076;"341004";"徽州区"
1077;"341021";"歙县"
1078;"341022";"休宁县"
1079;"341023";"黟县"
1080;"341024";"祁门县"
1081;"341100";"滁州市"
1082;"341102";"琅琊区"
1083;"341103";"南谯区"
1084;"341122";"来安县"
1085;"341124";"全椒县"
1086;"341125";"定远县"
1087;"341126";"凤阳县"
1088;"341181";"天长市"
1089;"341182";"明光市"
1090;"341200";"阜阳市"
1091;"341202";"颍州区"
1092;"341203";"颍东区"
1093;"341204";"颍泉区"
1094;"341221";"临泉县"
1095;"341222";"太和县"
1096;"341225";"阜南县"
1097;"341226";"颍上县"
1098;"341282";"界首市"
1099;"341300";"宿州市"
1100;"341302";"埇桥区"
1101;"341321";"砀山县"
1102;"341322";"萧县"
1103;"341323";"灵璧县"
1104;"341324";"泗县"
1105;"341500";"六安市"
1106;"341502";"金安区"
1107;"341503";"裕安区"
1108;"341504";"叶集区"
1109;"341522";"霍邱县"
1110;"341523";"舒城县"
1111;"341524";"金寨县"
1112;"341525";"霍山县"
1113;"341600";"亳州市"
1114;"341602";"谯城区"
1115;"341621";"涡阳县"
1116;"341622";"蒙城县"
1117;"341623";"利辛县"
1118;"341700";"池州市"
1119;"341702";"贵池区"
1120;"341721";"东至县"
1121;"341722";"石台县"
1122;"341723";"青阳县"
1123;"341800";"宣城市"
1124;"341802";"宣州区"
1125;"341821";"郎溪县"
1126;"341823";"泾县"
1127;"341824";"绩溪县"
1128;"341825";"旌德县"
1129;"341881";"宁国市"
1130;"341882";"广德市"
1131;"350000";"福建省"
1132;"350100";"福州市"
1133;"350102";"鼓楼区"
1134;"350103";"台江区"
1135;"350104";"仓山区"
1136;"350105";"马尾区"
1137;"350111";"晋安区"
1138;"350112";"长乐区"
1139;"350121";"闽侯县"
1140;"350122";"连江县"
1141;"350123";"罗源县"
1142;"350124";"闽清县"
1143;"350125";"永泰县"
1144;"350128";"平潭县"
1145;"350181";"福清市"
1146;"350200";"厦门市"
1147;"350203";"思明区"
1148;"350205";"海沧区"
1149;"350206";"湖里区"
1150;"350211";"集美区"
1151;"350212";"同安区"
1152;"350213";"翔安区"
1153;"350300";"莆田市"
1154;"350302";"城厢区"
1155;"350303";"涵江区"
1156;"350304";"荔城区"
1157;"350305";"秀屿区"
1158;"350322";"仙游县"
1159;"350400";"三明市"
1160;"350402";"梅列区"
1161;"350403";"三元区"
1162;"350421";"明溪县"
1163;"350423";"清流县"
1164;"350424";"宁化县"
1165;"350425";"大田县"
1166;"350426";"尤溪县"
1167;"350427";"沙县"
1168;"350428";"将乐县"
1169;"350429";"泰宁县"
1170;"350430";"建宁县"
1171;"350481";"永安市"
1172;"350500";"泉州市"
1173;"350502";"鲤城区"
1174;"350503";"丰泽区"
1175;"350504";"洛江区"
1176;"350505";"泉港区"
1177;"350521";"惠安县"
1178;"350524";"安溪县"
1179;"350525";"永春县"
1180;"350526";"德化县"
1181;"350527";"金门县"
1182;"350581";"石狮市"
1183;"350582";"晋江市"
1184;"350583";"南安市"
1185;"350600";"漳州市"
1186;"350602";"芗城区"
1187;"350603";"龙文区"
1188;"350622";"云霄县"
1189;"350623";"漳浦县"
1190;"350624";"诏安县"
1191;"350625";"长泰县"
1192;"350626";"东山县"
1193;"350627";"南靖县"
1194;"350628";"平和县"
1195;"350629";"华安县"
1196;"350681";"龙海市"
1197;"350700";"南平市"
1198;"350702";"延平区"
1199;"350703";"建阳区"
1200;"350721";"顺昌县"
1201;"350722";"浦城县"
1202;"350723";"光泽县"
1203;"350724";"松溪县"
1204;"350725";"政和县"
1205;"350781";"邵武市"
1206;"350782";"武夷山市"
1207;"350783";"建瓯市"
1208;"350800";"龙岩市"
1209;"350802";"新罗区"
1210;"350803";"永定区"
1211;"350821";"长汀县"
1212;"350823";"上杭县"
1213;"350824";"武平县"
1214;"350825";"连城县"
1215;"350881";"漳平市"
1216;"350900";"宁德市"
1217;"350902";"蕉城区"
1218;"350921";"霞浦县"
1219;"350922";"古田县"
1220;"350923";"屏南县"
1221;"350924";"寿宁县"
1222;"350925";"周宁县"
1223;"350926";"柘荣县"
1224;"350981";"福安市"
1225;"350982";"福鼎市"
1226;"360000";"江西省"
1227;"360100";"南昌市"
1228;"360102";"东湖区"
1229;"360103";"西湖区"
1230;"360104";"青云谱区"
1231;"360105";"湾里区"
1232;"360111";"青山湖区"
1233;"360112";"新建区"
1234;"360121";"南昌县"
1235;"360123";"安义县"
1236;"360124";"进贤县"
1237;"360200";"景德镇市"
1238;"360202";"昌江区"
1239;"360203";"珠山区"
1240;"360222";"浮梁县"
1241;"360281";"乐平市"
1242;"360300";"萍乡市"
1243;"360302";"安源区"
1244;"360313";"湘东区"
1245;"360321";"莲花县"
1246;"360322";"上栗县"
1247;"360323";"芦溪县"
1248;"360400";"九江市"
1249;"360402";"濂溪区"
1250;"360403";"浔阳区"
1251;"360404";"柴桑区"
1252;"360423";"武宁县"
1253;"360424";"修水县"
1254;"360425";"永修县"
1255;"360426";"德安县"
1256;"360428";"都昌县"
1257;"360429";"湖口县"
1258;"360430";"彭泽县"
1259;"360481";"瑞昌市"
1260;"360482";"共青城市"
1261;"360483";"庐山市"
1262;"360500";"新余市"
1263;"360502";"渝水区"
1264;"360521";"分宜县"
1265;"360600";"鹰潭市"
1266;"360602";"月湖区"
1267;"360603";"余江区"
1268;"360681";"贵溪市"
1269;"360700";"赣州市"
1270;"360702";"章贡区"
1271;"360703";"南康区"
1272;"360704";"赣县区"
1273;"360722";"信丰县"
1274;"360723";"大余县"
1275;"360724";"上犹县"
1276;"360725";"崇义县"
1277;"360726";"安远县"
1278;"360727";"龙南县"
1279;"360728";"定南县"
1280;"360729";"全南县"
1281;"360730";"宁都县"
1282;"360731";"于都县"
1283;"360732";"兴国县"
1284;"360733";"会昌县"
1285;"360734";"寻乌县"
1286;"360735";"石城县"
1287;"360781";"瑞金市"
1288;"360800";"吉安市"
1289;"360802";"吉州区"
1290;"360803";"青原区"
1291;"360821";"吉安县"
1292;"360822";"吉水县"
1293;"360823";"峡江县"
1294;"360824";"新干县"
1295;"360825";"永丰县"
1296;"360826";"泰和县"
1297;"360827";"遂川县"
1298;"360828";"万安县"
1299;"360829";"安福县"
1300;"360830";"永新县"
1301;"360881";"井冈山市"
1302;"360900";"宜春市"
1303;"360902";"袁州区"
1304;"360921";"奉新县"
1305;"360922";"万载县"
1306;"360923";"上高县"
1307;"360924";"宜丰县"
1308;"360925";"靖安县"
1309;"360926";"铜鼓县"
1310;"360981";"丰城市"
1311;"360982";"樟树市"
1312;"360983";"高安市"
1313;"361000";"抚州市"
1314;"361002";"临川区"
1315;"361003";"东乡区"
1316;"361021";"南城县"
1317;"361022";"黎川县"
1318;"361023";"南丰县"
1319;"361024";"崇仁县"
1320;"361025";"乐安县"
1321;"361026";"宜黄县"
1322;"361027";"金溪县"
1323;"361028";"资溪县"
1324;"361030";"广昌县"
1325;"361100";"上饶市"
1326;"361102";"信州区"
1327;"361103";"广丰区"
1328;"361104";"广信区"
1329;"361123";"玉山县"
1330;"361124";"铅山县"
1331;"361125";"横峰县"
1332;"361126";"弋阳县"
1333;"361127";"余干县"
1334;"361128";"鄱阳县"
1335;"361129";"万年县"
1336;"361130";"婺源县"
1337;"361181";"德兴市"
1338;"370000";"山东省"
1339;"370100";"济南市"
1340;"370102";"历下区"
1341;"370103";"市中区"
1342;"370104";"槐荫区"
1343;"370105";"天桥区"
1344;"370112";"历城区"
1345;"370113";"长清区"
1346;"370114";"章丘区"
1347;"370115";"济阳区"
1348;"370116";"莱芜区"
1349;"370117";"钢城区"
1350;"370124";"平阴县"
1351;"370126";"商河县"
1352;"370200";"青岛市"
1353;"370202";"市南区"
1354;"370203";"市北区"
1355;"370211";"黄岛区"
1356;"370212";"崂山区"
1357;"370213";"李沧区"
1358;"370214";"城阳区"
1359;"370215";"即墨区"
1360;"370281";"胶州市"
1361;"370283";"平度市"
1362;"370285";"莱西市"
1363;"370300";"淄博市"
1364;"370302";"淄川区"
1365;"370303";"张店区"
1366;"370304";"博山区"
1367;"370305";"临淄区"
1368;"370306";"周村区"
1369;"370321";"桓台县"
1370;"370322";"高青县"
1371;"370323";"沂源县"
1372;"370400";"枣庄市"
1373;"370402";"市中区"
1374;"370403";"薛城区"
1375;"370404";"峄城区"
1376;"370405";"台儿庄区"
1377;"370406";"山亭区"
1378;"370481";"滕州市"
1379;"370500";"东营市"
1380;"370502";"东营区"
1381;"370503";"河口区"
1382;"370505";"垦利区"
1383;"370522";"利津县"
1384;"370523";"广饶县"
1385;"370600";"烟台市"
1386;"370602";"芝罘区"
1387;"370611";"福山区"
1388;"370612";"牟平区"
1389;"370613";"莱山区"
1390;"370634";"长岛县"
1391;"370681";"龙口市"
1392;"370682";"莱阳市"
1393;"370683";"莱州市"
1394;"370684";"蓬莱市"
1395;"370685";"招远市"
1396;"370686";"栖霞市"
1397;"370687";"海阳市"
1398;"370700";"潍坊市"
1399;"370702";"潍城区"
1400;"370703";"寒亭区"
1401;"370704";"坊子区"
1402;"370705";"奎文区"
1403;"370724";"临朐县"
1404;"370725";"昌乐县"
1405;"370781";"青州市"
1406;"370782";"诸城市"
1407;"370783";"寿光市"
1408;"370784";"安丘市"
1409;"370785";"高密市"
1410;"370786";"昌邑市"
1411;"370800";"济宁市"
1412;"370811";"任城区"
1413;"370812";"兖州区"
1414;"370826";"微山县"
1415;"370827";"鱼台县"
1416;"370828";"金乡县"
1417;"370829";"嘉祥县"
1418;"370830";"汶上县"
1419;"370831";"泗水县"
1420;"370832";"梁山县"
1421;"370881";"曲阜市"
1422;"370883";"邹城市"
1423;"370900";"泰安市"
1424;"370902";"泰山区"
1425;"370911";"岱岳区"
1426;"370921";"宁阳县"
1427;"370923";"东平县"
1428;"370982";"新泰市"
1429;"370983";"肥城市"
1430;"371000";"威海市"
1431;"371002";"环翠区"
1432;"371003";"文登区"
1433;"371082";"荣成市"
1434;"371083";"乳山市"
1435;"371100";"日照市"
1436;"371102";"东港区"
1437;"371103";"岚山区"
1438;"371121";"五莲县"
1439;"371122";"莒县"
1440;"371300";"临沂市"
1441;"371302";"兰山区"
1442;"371311";"罗庄区"
1443;"371312";"河东区"
1444;"371321";"沂南县"
1445;"371322";"郯城县"
1446;"371323";"沂水县"
1447;"371324";"兰陵县"
1448;"371325";"费县"
1449;"371326";"平邑县"
1450;"371327";"莒南县"
1451;"371328";"蒙阴县"
1452;"371329";"临沭县"
1453;"371400";"德州市"
1454;"371402";"德城区"
1455;"371403";"陵城区"
1456;"371422";"宁津县"
1457;"371423";"庆云县"
1458;"371424";"临邑县"
1459;"371425";"齐河县"
1460;"371426";"平原县"
1461;"371427";"夏津县"
1462;"371428";"武城县"
1463;"371481";"乐陵市"
1464;"371482";"禹城市"
1465;"371500";"聊城市"
1466;"371502";"东昌府区"
1467;"371521";"阳谷县"
1468;"371522";"莘县"
1469;"371523";"茌平县"
1470;"371524";"东阿县"
1471;"371525";"冠县"
1472;"371526";"高唐县"
1473;"371581";"临清市"
1474;"371600";"滨州市"
1475;"371602";"滨城区"
1476;"371603";"沾化区"
1477;"371621";"惠民县"
1478;"371622";"阳信县"
1479;"371623";"无棣县"
1480;"371625";"博兴县"
1481;"371681";"邹平市"
1482;"371700";"菏泽市"
1483;"371702";"牡丹区"
1484;"371703";"定陶区"
1485;"371721";"曹县"
1486;"371722";"单县"
1487;"371723";"成武县"
1488;"371724";"巨野县"
1489;"371725";"郓城县"
1490;"371726";"鄄城县"
1491;"371728";"东明县"
1492;"410000";"河南省"
1493;"410100";"郑州市"
1494;"410102";"中原区"
1495;"410103";"二七区"
1496;"410104";"管城回族区"
1497;"410105";"金水区"
1498;"410106";"上街区"
1499;"410108";"惠济区"
1500;"410122";"中牟县"
1501;"410181";"巩义市"
1502;"410182";"荥阳市"
1503;"410183";"新密市"
1504;"410184";"新郑市"
1505;"410185";"登封市"
1506;"410200";"开封市"
1507;"410202";"龙亭区"
1508;"410203";"顺河回族区"
1509;"410204";"鼓楼区"
1510;"410205";"禹王台区"
1511;"410212";"祥符区"
1512;"410221";"杞县"
1513;"410222";"通许县"
1514;"410223";"尉氏县"
1515;"410225";"兰考县"
1516;"410300";"洛阳市"
1517;"410302";"老城区"
1518;"410303";"西工区"
1519;"410304";"瀍河回族区"
1520;"410305";"涧西区"
1521;"410306";"吉利区"
1522;"410311";"洛龙区"
1523;"410322";"孟津县"
1524;"410323";"新安县"
1525;"410324";"栾川县"
1526;"410325";"嵩县"
1527;"410326";"汝阳县"
1528;"410327";"宜阳县"
1529;"410328";"洛宁县"
1530;"410329";"伊川县"
1531;"410381";"偃师市"
1532;"410400";"平顶山市"
1533;"410402";"新华区"
1534;"410403";"卫东区"
1535;"410404";"石龙区"
1536;"410411";"湛河区"
1537;"410421";"宝丰县"
1538;"410422";"叶县"
1539;"410423";"鲁山县"
1540;"410425";"郏县"
1541;"410481";"舞钢市"
1542;"410482";"汝州市"
1543;"410500";"安阳市"
1544;"410502";"文峰区"
1545;"410503";"北关区"
1546;"410505";"殷都区"
1547;"410506";"龙安区"
1548;"410522";"安阳县"
1549;"410523";"汤阴县"
1550;"410526";"滑县"
1551;"410527";"内黄县"
1552;"410581";"林州市"
1553;"410600";"鹤壁市"
1554;"410602";"鹤山区"
1555;"410603";"山城区"
1556;"410611";"淇滨区"
1557;"410621";"浚县"
1558;"410622";"淇县"
1559;"410700";"新乡市"
1560;"410702";"红旗区"
1561;"410703";"卫滨区"
1562;"410704";"凤泉区"
1563;"410711";"牧野区"
1564;"410721";"新乡县"
1565;"410724";"获嘉县"
1566;"410725";"原阳县"
1567;"410726";"延津县"
1568;"410727";"封丘县"
1569;"410728";"长垣县"
1570;"410781";"卫辉市"
1571;"410782";"辉县市"
1572;"410800";"焦作市"
1573;"410802";"解放区"
1574;"410803";"中站区"
1575;"410804";"马村区"
1576;"410811";"山阳区"
1577;"410821";"修武县"
1578;"410822";"博爱县"
1579;"410823";"武陟县"
1580;"410825";"温县"
1581;"410882";"沁阳市"
1582;"410883";"孟州市"
1583;"410900";"濮阳市"
1584;"410902";"华龙区"
1585;"410922";"清丰县"
1586;"410923";"南乐县"
1587;"410926";"范县"
1588;"410927";"台前县"
1589;"410928";"濮阳县"
1590;"411000";"许昌市"
1591;"411002";"魏都区"
1592;"411003";"建安区"
1593;"411024";"鄢陵县"
1594;"411025";"襄城县"
1595;"411081";"禹州市"
1596;"411082";"长葛市"
1597;"411100";"漯河市"
1598;"411102";"源汇区"
1599;"411103";"郾城区"
1600;"411104";"召陵区"
1601;"411121";"舞阳县"
1602;"411122";"临颍县"
1603;"411200";"三门峡市"
1604;"411202";"湖滨区"
1605;"411203";"陕州区"
1606;"411221";"渑池县"
1607;"411224";"卢氏县"
1608;"411281";"义马市"
1609;"411282";"灵宝市"
1610;"411300";"南阳市"
1611;"411302";"宛城区"
1612;"411303";"卧龙区"
1613;"411321";"南召县"
1614;"411322";"方城县"
1615;"411323";"西峡县"
1616;"411324";"镇平县"
1617;"411325";"内乡县"
1618;"411326";"淅川县"
1619;"411327";"社旗县"
1620;"411328";"唐河县"
1621;"411329";"新野县"
1622;"411330";"桐柏县"
1623;"411381";"邓州市"
1624;"411400";"商丘市"
1625;"411402";"梁园区"
1626;"411403";"睢阳区"
1627;"411421";"民权县"
1628;"411422";"睢县"
1629;"411423";"宁陵县"
1630;"411424";"柘城县"
1631;"411425";"虞城县"
1632;"411426";"夏邑县"
1633;"411481";"永城市"
1634;"411500";"信阳市"
1635;"411502";"浉河区"
1636;"411503";"平桥区"
1637;"411521";"罗山县"
1638;"411522";"光山县"
1639;"411523";"新县"
1640;"411524";"商城县"
1641;"411525";"固始县"
1642;"411526";"潢川县"
1643;"411527";"淮滨县"
1644;"411528";"息县"
1645;"411600";"周口市"
1646;"411602";"川汇区"
1647;"411603";"淮阳区"
1648;"411621";"扶沟县"
1649;"411622";"西华县"
1650;"411623";"商水县"
1651;"411624";"沈丘县"
1652;"411625";"郸城县"
1653;"411627";"太康县"
1654;"411628";"鹿邑县"
1655;"411681";"项城市"
1656;"411700";"驻马店市"
1657;"411702";"驿城区"
1658;"411721";"西平县"
1659;"411722";"上蔡县"
1660;"411723";"平舆县"
1661;"411724";"正阳县"
1662;"411725";"确山县"
1663;"411726";"泌阳县"
1664;"411727";"汝南县"
1665;"411728";"遂平县"
1666;"411729";"新蔡县"
1667;"419001";"济源市"
1668;"420000";"湖北省"
1669;"420100";"武汉市"
1670;"420102";"江岸区"
1671;"420103";"江汉区"
1672;"420104";"硚口区"
1673;"420105";"汉阳区"
1674;"420106";"武昌区"
1675;"420107";"青山区"
1676;"420111";"洪山区"
1677;"420112";"东西湖区"
1678;"420113";"汉南区"
1679;"420114";"蔡甸区"
1680;"420115";"江夏区"
1681;"420116";"黄陂区"
1682;"420117";"新洲区"
1683;"420200";"黄石市"
1684;"420202";"黄石港区"
1685;"420203";"西塞山区"
1686;"420204";"下陆区"
1687;"420205";"铁山区"
1688;"420222";"阳新县"
1689;"420281";"大冶市"
1690;"420300";"十堰市"
1691;"420302";"茅箭区"
1692;"420303";"张湾区"
1693;"420304";"郧阳区"
1694;"420322";"郧西县"
1695;"420323";"竹山县"
1696;"420324";"竹溪县"
1697;"420325";"房县"
1698;"420381";"丹江口市"
1699;"420500";"宜昌市"
1700;"420502";"西陵区"
1701;"420503";"伍家岗区"
1702;"420504";"点军区"
1703;"420505";"猇亭区"
1704;"420506";"夷陵区"
1705;"420525";"远安县"
1706;"420526";"兴山县"
1707;"420527";"秭归县"
1708;"420528";"长阳土家族自治县"
1709;"420529";"五峰土家族自治县"
1710;"420581";"宜都市"
1711;"420582";"当阳市"
1712;"420583";"枝江市"
1713;"420600";"襄阳市"
1714;"420602";"襄城区"
1715;"420606";"樊城区"
1716;"420607";"襄州区"
1717;"420624";"南漳县"
1718;"420625";"谷城县"
1719;"420626";"保康县"
1720;"420682";"老河口市"
1721;"420683";"枣阳市"
1722;"420684";"宜城市"
1723;"420700";"鄂州市"
1724;"420702";"梁子湖区"
1725;"420703";"华容区"
1726;"420704";"鄂城区"
1727;"420800";"荆门市"
1728;"420802";"东宝区"
1729;"420804";"掇刀区"
1730;"420822";"沙洋县"
1731;"420881";"钟祥市"
1732;"420882";"京山市"
1733;"420900";"孝感市"
1734;"420902";"孝南区"
1735;"420921";"孝昌县"
1736;"420922";"大悟县"
1737;"420923";"云梦县"
1738;"420981";"应城市"
1739;"420982";"安陆市"
1740;"420984";"汉川市"
1741;"421000";"荆州市"
1742;"421002";"沙市区"
1743;"421003";"荆州区"
1744;"421022";"公安县"
1745;"421023";"监利县"
1746;"421024";"江陵县"
1747;"421081";"石首市"
1748;"421083";"洪湖市"
1749;"421087";"松滋市"
1750;"421100";"黄冈市"
1751;"421102";"黄州区"
1752;"421121";"团风县"
1753;"421122";"红安县"
1754;"421123";"罗田县"
1755;"421124";"英山县"
1756;"421125";"浠水县"
1757;"421126";"蕲春县"
1758;"421127";"黄梅县"
1759;"421181";"麻城市"
1760;"421182";"武穴市"
1761;"421200";"咸宁市"
1762;"421202";"咸安区"
1763;"421221";"嘉鱼县"
1764;"421222";"通城县"
1765;"421223";"崇阳县"
1766;"421224";"通山县"
1767;"421281";"赤壁市"
1768;"421300";"随州市"
1769;"421303";"曾都区"
1770;"421321";"随县"
1771;"421381";"广水市"
1772;"422800";"恩施土家族苗族自治州"
1773;"422801";"恩施市"
1774;"422802";"利川市"
1775;"422822";"建始县"
1776;"422823";"巴东县"
1777;"422825";"宣恩县"
1778;"422826";"咸丰县"
1779;"422827";"来凤县"
1780;"422828";"鹤峰县"
1781;"429004";"仙桃市"
1782;"429005";"潜江市"
1783;"429006";"天门市"
1784;"429021";"神农架林区"
1785;"430000";"湖南省"
1786;"430100";"长沙市"
1787;"430102";"芙蓉区"
1788;"430103";"天心区"
1789;"430104";"岳麓区"
1790;"430105";"开福区"
1791;"430111";"雨花区"
1792;"430112";"望城区"
1793;"430121";"长沙县"
1794;"430181";"浏阳市"
1795;"430182";"宁乡市"
1796;"430200";"株洲市"
1797;"430202";"荷塘区"
1798;"430203";"芦淞区"
1799;"430204";"石峰区"
1800;"430211";"天元区"
1801;"430212";"渌口区"
1802;"430223";"攸县"
1803;"430224";"茶陵县"
1804;"430225";"炎陵县"
1805;"430281";"醴陵市"
1806;"430300";"湘潭市"
1807;"430302";"雨湖区"
1808;"430304";"岳塘区"
1809;"430321";"湘潭县"
1810;"430381";"湘乡市"
1811;"430382";"韶山市"
1812;"430400";"衡阳市"
1813;"430405";"珠晖区"
1814;"430406";"雁峰区"
1815;"430407";"石鼓区"
1816;"430408";"蒸湘区"
1817;"430412";"南岳区"
1818;"430421";"衡阳县"
1819;"430422";"衡南县"
1820;"430423";"衡山县"
1821;"430424";"衡东县"
1822;"430426";"祁东县"
1823;"430481";"耒阳市"
1824;"430482";"常宁市"
1825;"430500";"邵阳市"
1826;"430502";"双清区"
1827;"430503";"大祥区"
1828;"430511";"北塔区"
1829;"430522";"新邵县"
1830;"430523";"邵阳县"
1831;"430524";"隆回县"
1832;"430525";"洞口县"
1833;"430527";"绥宁县"
1834;"430528";"新宁县"
1835;"430529";"城步苗族自治县"
1836;"430581";"武冈市"
1837;"430582";"邵东市"
1838;"430600";"岳阳市"
1839;"430602";"岳阳楼区"
1840;"430603";"云溪区"
1841;"430611";"君山区"
1842;"430621";"岳阳县"
1843;"430623";"华容县"
1844;"430624";"湘阴县"
1845;"430626";"平江县"
1846;"430681";"汨罗市"
1847;"430682";"临湘市"
1848;"430700";"常德市"
1849;"430702";"武陵区"
1850;"430703";"鼎城区"
1851;"430721";"安乡县"
1852;"430722";"汉寿县"
1853;"430723";"澧县"
1854;"430724";"临澧县"
1855;"430725";"桃源县"
1856;"430726";"石门县"
1857;"430781";"津市市"
1858;"430800";"张家界市"
1859;"430802";"永定区"
1860;"430811";"武陵源区"
1861;"430821";"慈利县"
1862;"430822";"桑植县"
1863;"430900";"益阳市"
1864;"430902";"资阳区"
1865;"430903";"赫山区"
1866;"430921";"南县"
1867;"430922";"桃江县"
1868;"430923";"安化县"
1869;"430981";"沅江市"
1870;"431000";"郴州市"
1871;"431002";"北湖区"
1872;"431003";"苏仙区"
1873;"431021";"桂阳县"
1874;"431022";"宜章县"
1875;"431023";"永兴县"
1876;"431024";"嘉禾县"
1877;"431025";"临武县"
1878;"431026";"汝城县"
1879;"431027";"桂东县"
1880;"431028";"安仁县"
1881;"431081";"资兴市"
1882;"431100";"永州市"
1883;"431102";"零陵区"
1884;"431103";"冷水滩区"
1885;"431121";"祁阳县"
1886;"431122";"东安县"
1887;"431123";"双牌县"
1888;"431124";"道县"
1889;"431125";"江永县"
1890;"431126";"宁远县"
1891;"431127";"蓝山县"
1892;"431128";"新田县"
1893;"431129";"江华瑶族自治县"
1894;"431200";"怀化市"
1895;"431202";"鹤城区"
1896;"431221";"中方县"
1897;"431222";"沅陵县"
1898;"431223";"辰溪县"
1899;"431224";"溆浦县"
1900;"431225";"会同县"
1901;"431226";"麻阳苗族自治县"
1902;"431227";"新晃侗族自治县"
1903;"431228";"芷江侗族自治县"
1904;"431229";"靖州苗族侗族自治县"
1905;"431230";"通道侗族自治县"
1906;"431281";"洪江市"
1907;"431300";"娄底市"
1908;"431302";"娄星区"
1909;"431321";"双峰县"
1910;"431322";"新化县"
1911;"431381";"冷水江市"
1912;"431382";"涟源市"
1913;"433100";"湘西土家族苗族自治州"
1914;"433101";"吉首市"
1915;"433122";"泸溪县"
1916;"433123";"凤凰县"
1917;"433124";"花垣县"
1918;"433125";"保靖县"
1919;"433126";"古丈县"
1920;"433127";"永顺县"
1921;"433130";"龙山县"
1922;"440000";"广东省"
1923;"440100";"广州市"
1924;"440103";"荔湾区"
1925;"440104";"越秀区"
1926;"440105";"海珠区"
1927;"440106";"天河区"
1928;"440111";"白云区"
1929;"440112";"黄埔区"
1930;"440113";"番禺区"
1931;"440114";"花都区"
1932;"440115";"南沙区"
1933;"440117";"从化区"
1934;"440118";"增城区"
1935;"440200";"韶关市"
1936;"440203";"武江区"
1937;"440204";"浈江区"
1938;"440205";"曲江区"
1939;"440222";"始兴县"
1940;"440224";"仁化县"
1941;"440229";"翁源县"
1942;"440232";"乳源瑶族自治县"
1943;"440233";"新丰县"
1944;"440281";"乐昌市"
1945;"440282";"南雄市"
1946;"440300";"深圳市"
1947;"440303";"罗湖区"
1948;"440304";"福田区"
1949;"440305";"南山区"
1950;"440306";"宝安区"
1951;"440307";"龙岗区"
1952;"440308";"盐田区"
1953;"440309";"龙华区"
1954;"440310";"坪山区"
1955;"440311";"光明区"
1956;"440400";"珠海市"
1957;"440402";"香洲区"
1958;"440403";"斗门区"
1959;"440404";"金湾区"
1960;"440500";"汕头市"
1961;"440507";"龙湖区"
1962;"440511";"金平区"
1963;"440512";"濠江区"
1964;"440513";"潮阳区"
1965;"440514";"潮南区"
1966;"440515";"澄海区"
1967;"440523";"南澳县"
1968;"440600";"佛山市"
1969;"440604";"禅城区"
1970;"440605";"南海区"
1971;"440606";"顺德区"
1972;"440607";"三水区"
1973;"440608";"高明区"
1974;"440700";"江门市"
1975;"440703";"蓬江区"
1976;"440704";"江海区"
1977;"440705";"新会区"
1978;"440781";"台山市"
1979;"440783";"开平市"
1980;"440784";"鹤山市"
1981;"440785";"恩平市"
1982;"440800";"湛江市"
1983;"440802";"赤坎区"
1984;"440803";"霞山区"
1985;"440804";"坡头区"
1986;"440811";"麻章区"
1987;"440823";"遂溪县"
1988;"440825";"徐闻县"
1989;"440881";"廉江市"
1990;"440882";"雷州市"
1991;"440883";"吴川市"
1992;"440900";"茂名市"
1993;"440902";"茂南区"
1994;"440904";"电白区"
1995;"440981";"高州市"
1996;"440982";"化州市"
1997;"440983";"信宜市"
1998;"441200";"肇庆市"
1999;"441202";"端州区"
2000;"441203";"鼎湖区"
2001;"441204";"高要区"
2002;"441223";"广宁县"
2003;"441224";"怀集县"
2004;"441225";"封开县"
2005;"441226";"德庆县"
2006;"441284";"四会市"
2007;"441300";"惠州市"
2008;"441302";"惠城区"
2009;"441303";"惠阳区"
2010;"441322";"博罗县"
2011;"441323";"惠东县"
2012;"441324";"龙门县"
2013;"441400";"梅州市"
2014;"441402";"梅江区"
2015;"441403";"梅县区"
2016;"441422";"大埔县"
2017;"441423";"丰顺县"
2018;"441424";"五华县"
2019;"441426";"平远县"
2020;"441427";"蕉岭县"
2021;"441481";"兴宁市"
2022;"441500";"汕尾市"
2023;"441502";"城区"
2024;"441521";"海丰县"
2025;"441523";"陆河县"
2026;"441581";"陆丰市"
2027;"441600";"河源市"
2028;"441602";"源城区"
2029;"441621";"紫金县"
2030;"441622";"龙川县"
2031;"441623";"连平县"
2032;"441624";"和平县"
2033;"441625";"东源县"
2034;"441700";"阳江市"
2035;"441702";"江城区"
2036;"441704";"阳东区"
2037;"441721";"阳西县"
2038;"441781";"阳春市"
2039;"441800";"清远市"
2040;"441802";"清城区"
2041;"441803";"清新区"
2042;"441821";"佛冈县"
2043;"441823";"阳山县"
2044;"441825";"连山壮族瑶族自治县"
2045;"441826";"连南瑶族自治县"
2046;"441881";"英德市"
2047;"441882";"连州市"
2048;"441900";"东莞市"
2049;"442000";"中山市"
2050;"445100";"潮州市"
2051;"445102";"湘桥区"
2052;"445103";"潮安区"
2053;"445122";"饶平县"
2054;"445200";"揭阳市"
2055;"445202";"榕城区"
2056;"445203";"揭东区"
2057;"445222";"揭西县"
2058;"445224";"惠来县"
2059;"445281";"普宁市"
2060;"445300";"云浮市"
2061;"445302";"云城区"
2062;"445303";"云安区"
2063;"445321";"新兴县"
2064;"445322";"郁南县"
2065;"445381";"罗定市"
2066;"450000";"广西壮族自治区"
2067;"450100";"南宁市"
2068;"450102";"兴宁区"
2069;"450103";"青秀区"
2070;"450105";"江南区"
2071;"450107";"西乡塘区"
2072;"450108";"良庆区"
2073;"450109";"邕宁区"
2074;"450110";"武鸣区"
2075;"450123";"隆安县"
2076;"450124";"马山县"
2077;"450125";"上林县"
2078;"450126";"宾阳县"
2079;"450127";"横县"
2080;"450200";"柳州市"
2081;"450202";"城中区"
2082;"450203";"鱼峰区"
2083;"450204";"柳南区"
2084;"450205";"柳北区"
2085;"450206";"柳江区"
2086;"450222";"柳城县"
2087;"450223";"鹿寨县"
2088;"450224";"融安县"
2089;"450225";"融水苗族自治县"
2090;"450226";"三江侗族自治县"
2091;"450300";"桂林市"
2092;"450302";"秀峰区"
2093;"450303";"叠彩区"
2094;"450304";"象山区"
2095;"450305";"七星区"
2096;"450311";"雁山区"
2097;"450312";"临桂区"
2098;"450321";"阳朔县"
2099;"450323";"灵川县"
2100;"450324";"全州县"
2101;"450325";"兴安县"
2102;"450326";"永福县"
2103;"450327";"灌阳县"
2104;"450328";"龙胜各族自治县"
2105;"450329";"资源县"
2106;"450330";"平乐县"
2107;"450381";"荔浦市"
2108;"450332";"恭城瑶族自治县"
2109;"450400";"梧州市"
2110;"450403";"万秀区"
2111;"450405";"长洲区"
2112;"450406";"龙圩区"
2113;"450421";"苍梧县"
2114;"450422";"藤县"
2115;"450423";"蒙山县"
2116;"450481";"岑溪市"
2117;"450500";"北海市"
2118;"450502";"海城区"
2119;"450503";"银海区"
2120;"450512";"铁山港区"
2121;"450521";"合浦县"
2122;"450600";"防城港市"
2123;"450602";"港口区"
2124;"450603";"防城区"
2125;"450621";"上思县"
2126;"450681";"东兴市"
2127;"450700";"钦州市"
2128;"450702";"钦南区"
2129;"450703";"钦北区"
2130;"450721";"灵山县"
2131;"450722";"浦北县"
2132;"450800";"贵港市"
2133;"450802";"港北区"
2134;"450803";"港南区"
2135;"450804";"覃塘区"
2136;"450821";"平南县"
2137;"450881";"桂平市"
2138;"450900";"玉林市"
2139;"450902";"玉州区"
2140;"450903";"福绵区"
2141;"450921";"容县"
2142;"450922";"陆川县"
2143;"450923";"博白县"
2144;"450924";"兴业县"
2145;"450981";"北流市"
2146;"451000";"百色市"
2147;"451002";"右江区"
2148;"451003";"田阳区"
2149;"451022";"田东县"
2150;"451023";"平果县"
2151;"451024";"德保县"
2152;"451026";"那坡县"
2153;"451027";"凌云县"
2154;"451028";"乐业县"
2155;"451029";"田林县"
2156;"451030";"西林县"
2157;"451031";"隆林各族自治县"
2158;"451081";"靖西市"
2159;"451100";"贺州市"
2160;"451102";"八步区"
2161;"451103";"平桂区"
2162;"451121";"昭平县"
2163;"451122";"钟山县"
2164;"451123";"富川瑶族自治县"
2165;"451200";"河池市"
2166;"451202";"金城江区"
2167;"451203";"宜州区"
2168;"451221";"南丹县"
2169;"451222";"天峨县"
2170;"451223";"凤山县"
2171;"451224";"东兰县"
2172;"451225";"罗城仫佬族自治县"
2173;"451226";"环江毛南族自治县"
2174;"451227";"巴马瑶族自治县"
2175;"451228";"都安瑶族自治县"
2176;"451229";"大化瑶族自治县"
2177;"451300";"来宾市"
2178;"451302";"兴宾区"
2179;"451321";"忻城县"
2180;"451322";"象州县"
2181;"451323";"武宣县"
2182;"451324";"金秀瑶族自治县"
2183;"451381";"合山市"
2184;"451400";"崇左市"
2185;"451402";"江州区"
2186;"451421";"扶绥县"
2187;"451422";"宁明县"
2188;"451423";"龙州县"
2189;"451424";"大新县"
2190;"451425";"天等县"
2191;"451481";"凭祥市"
2192;"460000";"海南省"
2193;"460100";"海口市"
2194;"460105";"秀英区"
2195;"460106";"龙华区"
2196;"460107";"琼山区"
2197;"460108";"美兰区"
2198;"460200";"三亚市"
2199;"460202";"海棠区"
2200;"460203";"吉阳区"
2201;"460204";"天涯区"
2202;"460205";"崖州区"
2203;"460300";"三沙市"
2204;"460400";"儋州市"
2205;"469001";"五指山市"
2206;"469002";"琼海市"
2207;"469005";"文昌市"
2208;"469006";"万宁市"
2209;"469007";"东方市"
2210;"469021";"定安县"
2211;"469022";"屯昌县"
2212;"469023";"澄迈县"
2213;"469024";"临高县"
2214;"469025";"白沙黎族自治县"
2215;"469026";"昌江黎族自治县"
2216;"469027";"乐东黎族自治县"
2217;"469028";"陵水黎族自治县"
2218;"469029";"保亭黎族苗族自治县"
2219;"469030";"琼中黎族苗族自治县"
2220;"500000";"重庆市"
2221;"500101";"万州区"
2222;"500102";"涪陵区"
2223;"500103";"渝中区"
2224;"500104";"大渡口区"
2225;"500105";"江北区"
2226;"500106";"沙坪坝区"
2227;"500107";"九龙坡区"
2228;"500108";"南岸区"
2229;"500109";"北碚区"
2230;"500110";"綦江区"
2231;"500111";"大足区"
2232;"500112";"渝北区"
2233;"500113";"巴南区"
2234;"500114";"黔江区"
2235;"500115";"长寿区"
2236;"500116";"江津区"
2237;"500117";"合川区"
2238;"500118";"永川区"
2239;"500119";"南川区"
2240;"500120";"璧山区"
2241;"500151";"铜梁区"
2242;"500152";"潼南区"
2243;"500153";"荣昌区"
2244;"500154";"开州区"
2245;"500155";"梁平区"
2246;"500156";"武隆区"
2247;"500229";"城口县"
2248;"500230";"丰都县"
2249;"500231";"垫江县"
2250;"500233";"忠县"
2251;"500235";"云阳县"
2252;"500236";"奉节县"
2253;"500237";"巫山县"
2254;"500238";"巫溪县"
2255;"500240";"石柱土家族自治县"
2256;"500241";"秀山土家族苗族自治县"
2257;"500242";"酉阳土家族苗族自治县"
2258;"500243";"彭水苗族土家族自治县"
2259;"510000";"四川省"
2260;"510100";"成都市"
2261;"510104";"锦江区"
2262;"510105";"青羊区"
2263;"510106";"金牛区"
2264;"510107";"武侯区"
2265;"510108";"成华区"
2266;"510112";"龙泉驿区"
2267;"510113";"青白江区"
2268;"510114";"新都区"
2269;"510115";"温江区"
2270;"510116";"双流区"
2271;"510117";"郫都区"
2272;"510121";"金堂县"
2273;"510129";"大邑县"
2274;"510131";"蒲江县"
2275;"510132";"新津县"
2276;"510181";"都江堰市"
2277;"510182";"彭州市"
2278;"510183";"邛崃市"
2279;"510184";"崇州市"
2280;"510185";"简阳市"
2281;"510300";"自贡市"
2282;"510302";"自流井区"
2283;"510303";"贡井区"
2284;"510304";"大安区"
2285;"510311";"沿滩区"
2286;"510321";"荣县"
2287;"510322";"富顺县"
2288;"510400";"攀枝花市"
2289;"510402";"东区"
2290;"510403";"西区"
2291;"510411";"仁和区"
2292;"510421";"米易县"
2293;"510422";"盐边县"
2294;"510500";"泸州市"
2295;"510502";"江阳区"
2296;"510503";"纳溪区"
2297;"510504";"龙马潭区"
2298;"510521";"泸县"
2299;"510522";"合江县"
2300;"510524";"叙永县"
2301;"510525";"古蔺县"
2302;"510600";"德阳市"
2303;"510603";"旌阳区"
2304;"510604";"罗江区"
2305;"510623";"中江县"
2306;"510681";"广汉市"
2307;"510682";"什邡市"
2308;"510683";"绵竹市"
2309;"510700";"绵阳市"
2310;"510703";"涪城区"
2311;"510704";"游仙区"
2312;"510705";"安州区"
2313;"510722";"三台县"
2314;"510723";"盐亭县"
2315;"510725";"梓潼县"
2316;"510726";"北川羌族自治县"
2317;"510727";"平武县"
2318;"510781";"江油市"
2319;"510800";"广元市"
2320;"510802";"利州区"
2321;"510811";"昭化区"
2322;"510812";"朝天区"
2323;"510821";"旺苍县"
2324;"510822";"青川县"
2325;"510823";"剑阁县"
2326;"510824";"苍溪县"
2327;"510900";"遂宁市"
2328;"510903";"船山区"
2329;"510904";"安居区"
2330;"510921";"蓬溪县"
2331;"510923";"大英县"
2332;"510981";"射洪市"
2333;"511000";"内江市"
2334;"511002";"市中区"
2335;"511011";"东兴区"
2336;"511024";"威远县"
2337;"511025";"资中县"
2338;"511083";"隆昌市"
2339;"511100";"乐山市"
2340;"511102";"市中区"
2341;"511111";"沙湾区"
2342;"511112";"五通桥区"
2343;"511113";"金口河区"
2344;"511123";"犍为县"
2345;"511124";"井研县"
2346;"511126";"夹江县"
2347;"511129";"沐川县"
2348;"511132";"峨边彝族自治县"
2349;"511133";"马边彝族自治县"
2350;"511181";"峨眉山市"
2351;"511300";"南充市"
2352;"511302";"顺庆区"
2353;"511303";"高坪区"
2354;"511304";"嘉陵区"
2355;"511321";"南部县"
2356;"511322";"营山县"
2357;"511323";"蓬安县"
2358;"511324";"仪陇县"
2359;"511325";"西充县"
2360;"511381";"阆中市"
2361;"511400";"眉山市"
2362;"511402";"东坡区"
2363;"511403";"彭山区"
2364;"511421";"仁寿县"
2365;"511423";"洪雅县"
2366;"511424";"丹棱县"
2367;"511425";"青神县"
2368;"511500";"宜宾市"
2369;"511502";"翠屏区"
2370;"511503";"南溪区"
2371;"511504";"叙州区"
2372;"511523";"江安县"
2373;"511524";"长宁县"
2374;"511525";"高县"
2375;"511526";"珙县"
2376;"511527";"筠连县"
2377;"511528";"兴文县"
2378;"511529";"屏山县"
2379;"511600";"广安市"
2380;"511602";"广安区"
2381;"511603";"前锋区"
2382;"511621";"岳池县"
2383;"511622";"武胜县"
2384;"511623";"邻水县"
2385;"511681";"华蓥市"
2386;"511700";"达州市"
2387;"511702";"通川区"
2388;"511703";"达川区"
2389;"511722";"宣汉县"
2390;"511723";"开江县"
2391;"511724";"大竹县"
2392;"511725";"渠县"
2393;"511781";"万源市"
2394;"511800";"雅安市"
2395;"511802";"雨城区"
2396;"511803";"名山区"
2397;"511822";"荥经县"
2398;"511823";"汉源县"
2399;"511824";"石棉县"
2400;"511825";"天全县"
2401;"511826";"芦山县"
2402;"511827";"宝兴县"
2403;"511900";"巴中市"
2404;"511902";"巴州区"
2405;"511903";"恩阳区"
2406;"511921";"通江县"
2407;"511922";"南江县"
2408;"511923";"平昌县"
2409;"512000";"资阳市"
2410;"512002";"雁江区"
2411;"512021";"安岳县"
2412;"512022";"乐至县"
2413;"513200";"阿坝藏族羌族自治州"
2414;"513201";"马尔康市"
2415;"513221";"汶川县"
2416;"513222";"理县"
2417;"513223";"茂县"
2418;"513224";"松潘县"
2419;"513225";"九寨沟县"
2420;"513226";"金川县"
2421;"513227";"小金县"
2422;"513228";"黑水县"
2423;"513230";"壤塘县"
2424;"513231";"阿坝县"
2425;"513232";"若尔盖县"
2426;"513233";"红原县"
2427;"513300";"甘孜藏族自治州"
2428;"513301";"康定市"
2429;"513322";"泸定县"
2430;"513323";"丹巴县"
2431;"513324";"九龙县"
2432;"513325";"雅江县"
2433;"513326";"道孚县"
2434;"513327";"炉霍县"
2435;"513328";"甘孜县"
2436;"513329";"新龙县"
2437;"513330";"德格县"
2438;"513331";"白玉县"
2439;"513332";"石渠县"
2440;"513333";"色达县"
2441;"513334";"理塘县"
2442;"513335";"巴塘县"
2443;"513336";"乡城县"
2444;"513337";"稻城县"
2445;"513338";"得荣县"
2446;"513400";"凉山彝族自治州"
2447;"513401";"西昌市"
2448;"513422";"木里藏族自治县"
2449;"513423";"盐源县"
2450;"513424";"德昌县"
2451;"513425";"会理县"
2452;"513426";"会东县"
2453;"513427";"宁南县"
2454;"513428";"普格县"
2455;"513429";"布拖县"
2456;"513430";"金阳县"
2457;"513431";"昭觉县"
2458;"513432";"喜德县"
2459;"513433";"冕宁县"
2460;"513434";"越西县"
2461;"513435";"甘洛县"
2462;"513436";"美姑县"
2463;"513437";"雷波县"
2464;"520000";"贵州省"
2465;"520100";"贵阳市"
2466;"520102";"南明区"
2467;"520103";"云岩区"
2468;"520111";"花溪区"
2469;"520112";"乌当区"
2470;"520113";"白云区"
2471;"520115";"观山湖区"
2472;"520121";"开阳县"
2473;"520122";"息烽县"
2474;"520123";"修文县"
2475;"520181";"清镇市"
2476;"520200";"六盘水市"
2477;"520201";"钟山区"
2478;"520203";"六枝特区"
2479;"520221";"水城县"
2480;"520281";"盘州市"
2481;"520300";"遵义市"
2482;"520302";"红花岗区"
2483;"520303";"汇川区"
2484;"520304";"播州区"
2485;"520322";"桐梓县"
2486;"520323";"绥阳县"
2487;"520324";"正安县"
2488;"520325";"道真仡佬族苗族自治县"
2489;"520326";"务川仡佬族苗族自治县"
2490;"520327";"凤冈县"
2491;"520328";"湄潭县"
2492;"520329";"余庆县"
2493;"520330";"习水县"
2494;"520381";"赤水市"
2495;"520382";"仁怀市"
2496;"520400";"安顺市"
2497;"520402";"西秀区"
2498;"520403";"平坝区"
2499;"520422";"普定县"
2500;"520423";"镇宁布依族苗族自治县"
2501;"520424";"关岭布依族苗族自治县"
2502;"520425";"紫云苗族布依族自治县"
2503;"520500";"毕节市"
2504;"520502";"七星关区"
2505;"520521";"大方县"
2506;"520522";"黔西县"
2507;"520523";"金沙县"
2508;"520524";"织金县"
2509;"520525";"纳雍县"
2510;"520526";"威宁彝族回族苗族自治县"
2511;"520527";"赫章县"
2512;"520600";"铜仁市"
2513;"520602";"碧江区"
2514;"520603";"万山区"
2515;"520621";"江口县"
2516;"520622";"玉屏侗族自治县"
2517;"520623";"石阡县"
2518;"520624";"思南县"
2519;"520625";"印江土家族苗族自治县"
2520;"520626";"德江县"
2521;"520627";"沿河土家族自治县"
2522;"520628";"松桃苗族自治县"
2523;"522300";"黔西南布依族苗族自治州"
2524;"522301";"兴义市"
2525;"522302";"兴仁市"
2526;"522323";"普安县"
2527;"522324";"晴隆县"
2528;"522325";"贞丰县"
2529;"522326";"望谟县"
2530;"522327";"册亨县"
2531;"522328";"安龙县"
2532;"522600";"黔东南苗族侗族自治州"
2533;"522601";"凯里市"
2534;"522622";"黄平县"
2535;"522623";"施秉县"
2536;"522624";"三穗县"
2537;"522625";"镇远县"
2538;"522626";"岑巩县"
2539;"522627";"天柱县"
2540;"522628";"锦屏县"
2541;"522629";"剑河县"
2542;"522630";"台江县"
2543;"522631";"黎平县"
2544;"522632";"榕江县"
2545;"522633";"从江县"
2546;"522634";"雷山县"
2547;"522635";"麻江县"
2548;"522636";"丹寨县"
2549;"522700";"黔南布依族苗族自治州"
2550;"522701";"都匀市"
2551;"522702";"福泉市"
2552;"522722";"荔波县"
2553;"522723";"贵定县"
2554;"522725";"瓮安县"
2555;"522726";"独山县"
2556;"522727";"平塘县"
2557;"522728";"罗甸县"
2558;"522729";"长顺县"
2559;"522730";"龙里县"
2560;"522731";"惠水县"
2561;"522732";"三都水族自治县"
2562;"530000";"云南省"
2563;"530100";"昆明市"
2564;"530102";"五华区"
2565;"530103";"盘龙区"
2566;"530111";"官渡区"
2567;"530112";"西山区"
2568;"530113";"东川区"
2569;"530114";"呈贡区"
2570;"530115";"晋宁区"
2571;"530124";"富民县"
2572;"530125";"宜良县"
2573;"530126";"石林彝族自治县"
2574;"530127";"嵩明县"
2575;"530128";"禄劝彝族苗族自治县"
2576;"530129";"寻甸回族彝族自治县"
2577;"530181";"安宁市"
2578;"530300";"曲靖市"
2579;"530302";"麒麟区"
2580;"530303";"沾益区"
2581;"530304";"马龙区"
2582;"530322";"陆良县"
2583;"530323";"师宗县"
2584;"530324";"罗平县"
2585;"530325";"富源县"
2586;"530326";"会泽县"
2587;"530381";"宣威市"
2588;"530400";"玉溪市"
2589;"530402";"红塔区"
2590;"530403";"江川区"
2591;"530422";"澄江县"
2592;"530423";"通海县"
2593;"530424";"华宁县"
2594;"530425";"易门县"
2595;"530426";"峨山彝族自治县"
2596;"530427";"新平彝族傣族自治县"
2597;"530428";"元江哈尼族彝族傣族自治县"
2598;"530500";"保山市"
2599;"530502";"隆阳区"
2600;"530521";"施甸县"
2601;"530523";"龙陵县"
2602;"530524";"昌宁县"
2603;"530581";"腾冲市"
2604;"530600";"昭通市"
2605;"530602";"昭阳区"
2606;"530621";"鲁甸县"
2607;"530622";"巧家县"
2608;"530623";"盐津县"
2609;"530624";"大关县"
2610;"530625";"永善县"
2611;"530626";"绥江县"
2612;"530627";"镇雄县"
2613;"530628";"彝良县"
2614;"530629";"威信县"
2615;"530681";"水富市"
2616;"530700";"丽江市"
2617;"530702";"古城区"
2618;"530721";"玉龙纳西族自治县"
2619;"530722";"永胜县"
2620;"530723";"华坪县"
2621;"530724";"宁蒗彝族自治县"
2622;"530800";"普洱市"
2623;"530802";"思茅区"
2624;"530821";"宁洱哈尼族彝族自治县"
2625;"530822";"墨江哈尼族自治县"
2626;"530823";"景东彝族自治县"
2627;"530824";"景谷傣族彝族自治县"
2628;"530825";"镇沅彝族哈尼族拉祜族自治县"
2629;"530826";"江城哈尼族彝族自治县"
2630;"530827";"孟连傣族拉祜族佤族自治县"
2631;"530828";"澜沧拉祜族自治县"
2632;"530829";"西盟佤族自治县"
2633;"530900";"临沧市"
2634;"530902";"临翔区"
2635;"530921";"凤庆县"
2636;"530922";"云县"
2637;"530923";"永德县"
2638;"530924";"镇康县"
2639;"530925";"双江拉祜族佤族布朗族傣族自治县"
2640;"530926";"耿马傣族佤族自治县"
2641;"530927";"沧源佤族自治县"
2642;"532300";"楚雄彝族自治州"
2643;"532301";"楚雄市"
2644;"532322";"双柏县"
2645;"532323";"牟定县"
2646;"532324";"南华县"
2647;"532325";"姚安县"
2648;"532326";"大姚县"
2649;"532327";"永仁县"
2650;"532328";"元谋县"
2651;"532329";"武定县"
2652;"532331";"禄丰县"
2653;"532500";"红河哈尼族彝族自治州"
2654;"532501";"个旧市"
2655;"532502";"开远市"
2656;"532503";"蒙自市"
2657;"532504";"弥勒市"
2658;"532523";"屏边苗族自治县"
2659;"532524";"建水县"
2660;"532525";"石屏县"
2661;"532527";"泸西县"
2662;"532528";"元阳县"
2663;"532529";"红河县"
2664;"532530";"金平苗族瑶族傣族自治县"
2665;"532531";"绿春县"
2666;"532532";"河口瑶族自治县"
2667;"532600";"文山壮族苗族自治州"
2668;"532601";"文山市"
2669;"532622";"砚山县"
2670;"532623";"西畴县"
2671;"532624";"麻栗坡县"
2672;"532625";"马关县"
2673;"532626";"丘北县"
2674;"532627";"广南县"
2675;"532628";"富宁县"
2676;"532800";"西双版纳傣族自治州"
2677;"532801";"景洪市"
2678;"532822";"勐海县"
2679;"532823";"勐腊县"
2680;"532900";"大理白族自治州"
2681;"532901";"大理市"
2682;"532922";"漾濞彝族自治县"
2683;"532923";"祥云县"
2684;"532924";"宾川县"
2685;"532925";"弥渡县"
2686;"532926";"南涧彝族自治县"
2687;"532927";"巍山彝族回族自治县"
2688;"532928";"永平县"
2689;"532929";"云龙县"
2690;"532930";"洱源县"
2691;"532931";"剑川县"
2692;"532932";"鹤庆县"
2693;"533100";"德宏傣族景颇族自治州"
2694;"533102";"瑞丽市"
2695;"533103";"芒市"
2696;"533122";"梁河县"
2697;"533123";"盈江县"
2698;"533124";"陇川县"
2699;"533300";"怒江傈僳族自治州"
2700;"533301";"泸水市"
2701;"533323";"福贡县"
2702;"533324";"贡山独龙族怒族自治县"
2703;"533325";"兰坪白族普米族自治县"
2704;"533400";"迪庆藏族自治州"
2705;"533401";"香格里拉市"
2706;"533422";"德钦县"
2707;"533423";"维西傈僳族自治县"
2708;"540000";"西藏自治区"
2709;"540100";"拉萨市"
2710;"540102";"城关区"
2711;"540103";"堆龙德庆区"
2712;"540104";"达孜区"
2713;"540121";"林周县"
2714;"540122";"当雄县"
2715;"540123";"尼木县"
2716;"540124";"曲水县"
2717;"540127";"墨竹工卡县"
2718;"540200";"日喀则市"
2719;"540202";"桑珠孜区"
2720;"540221";"南木林县"
2721;"540222";"江孜县"
2722;"540223";"定日县"
2723;"540224";"萨迦县"
2724;"540225";"拉孜县"
2725;"540226";"昂仁县"
2726;"540227";"谢通门县"
2727;"540228";"白朗县"
2728;"540229";"仁布县"
2729;"540230";"康马县"
2730;"540231";"定结县"
2731;"540232";"仲巴县"
2732;"540233";"亚东县"
2733;"540234";"吉隆县"
2734;"540235";"聂拉木县"
2735;"540236";"萨嘎县"
2736;"540237";"岗巴县"
2737;"540300";"昌都市"
2738;"540302";"卡若区"
2739;"540321";"江达县"
2740;"540322";"贡觉县"
2741;"540323";"类乌齐县"
2742;"540324";"丁青县"
2743;"540325";"察雅县"
2744;"540326";"八宿县"
2745;"540327";"左贡县"
2746;"540328";"芒康县"
2747;"540329";"洛隆县"
2748;"540330";"边坝县"
2749;"540400";"林芝市"
2750;"540402";"巴宜区"
2751;"540421";"工布江达县"
2752;"540422";"米林县"
2753;"540423";"墨脱县"
2754;"540424";"波密县"
2755;"540425";"察隅县"
2756;"540426";"朗县"
2757;"540500";"山南市"
2758;"540502";"乃东区"
2759;"540521";"扎囊县"
2760;"540522";"贡嘎县"
2761;"540523";"桑日县"
2762;"540524";"琼结县"
2763;"540525";"曲松县"
2764;"540526";"措美县"
2765;"540527";"洛扎县"
2766;"540528";"加查县"
2767;"540529";"隆子县"
2768;"540530";"错那县"
2769;"540531";"浪卡子县"
2770;"540600";"那曲市"
2771;"540602";"色尼区"
2772;"540621";"嘉黎县"
2773;"540622";"比如县"
2774;"540623";"聂荣县"
2775;"540624";"安多县"
2776;"540625";"申扎县"
2777;"540626";"索县"
2778;"540627";"班戈县"
2779;"540628";"巴青县"
2780;"540629";"尼玛县"
2781;"540630";"双湖县"
2782;"542500";"阿里地区"
2783;"542521";"普兰县"
2784;"542522";"札达县"
2785;"542523";"噶尔县"
2786;"542524";"日土县"
2787;"542525";"革吉县"
2788;"542526";"改则县"
2789;"542527";"措勤县"
2790;"610000";"陕西省"
2791;"610100";"西安市"
2792;"610102";"新城区"
2793;"610103";"碑林区"
2794;"610104";"莲湖区"
2795;"610111";"灞桥区"
2796;"610112";"未央区"
2797;"610113";"雁塔区"
2798;"610114";"阎良区"
2799;"610115";"临潼区"
2800;"610116";"长安区"
2801;"610117";"高陵区"
2802;"610118";"鄠邑区"
2803;"610122";"蓝田县"
2804;"610124";"周至县"
2805;"610200";"铜川市"
2806;"610202";"王益区"
2807;"610203";"印台区"
2808;"610204";"耀州区"
2809;"610222";"宜君县"
2810;"610300";"宝鸡市"
2811;"610302";"渭滨区"
2812;"610303";"金台区"
2813;"610304";"陈仓区"
2814;"610322";"凤翔县"
2815;"610323";"岐山县"
2816;"610324";"扶风县"
2817;"610326";"眉县"
2818;"610327";"陇县"
2819;"610328";"千阳县"
2820;"610329";"麟游县"
2821;"610330";"凤县"
2822;"610331";"太白县"
2823;"610400";"咸阳市"
2824;"610402";"秦都区"
2825;"610403";"杨陵区"
2826;"610404";"渭城区"
2827;"610422";"三原县"
2828;"610423";"泾阳县"
2829;"610424";"乾县"
2830;"610425";"礼泉县"
2831;"610426";"永寿县"
2832;"610428";"长武县"
2833;"610429";"旬邑县"
2834;"610430";"淳化县"
2835;"610431";"武功县"
2836;"610481";"兴平市"
2837;"610482";"彬州市"
2838;"610500";"渭南市"
2839;"610502";"临渭区"
2840;"610503";"华州区"
2841;"610522";"潼关县"
2842;"610523";"大荔县"
2843;"610524";"合阳县"
2844;"610525";"澄城县"
2845;"610526";"蒲城县"
2846;"610527";"白水县"
2847;"610528";"富平县"
2848;"610581";"韩城市"
2849;"610582";"华阴市"
2850;"610600";"延安市"
2851;"610602";"宝塔区"
2852;"610603";"安塞区"
2853;"610621";"延长县"
2854;"610622";"延川县"
2855;"610623";"子长县"
2856;"610625";"志丹县"
2857;"610626";"吴起县"
2858;"610627";"甘泉县"
2859;"610628";"富县"
2860;"610629";"洛川县"
2861;"610630";"宜川县"
2862;"610631";"黄龙县"
2863;"610632";"黄陵县"
2864;"610700";"汉中市"
2865;"610702";"汉台区"
2866;"610703";"南郑区"
2867;"610722";"城固县"
2868;"610723";"洋县"
2869;"610724";"西乡县"
2870;"610725";"勉县"
2871;"610726";"宁强县"
2872;"610727";"略阳县"
2873;"610728";"镇巴县"
2874;"610729";"留坝县"
2875;"610730";"佛坪县"
2876;"610800";"榆林市"
2877;"610802";"榆阳区"
2878;"610803";"横山区"
2879;"610822";"府谷县"
2880;"610824";"靖边县"
2881;"610825";"定边县"
2882;"610826";"绥德县"
2883;"610827";"米脂县"
2884;"610828";"佳县"
2885;"610829";"吴堡县"
2886;"610830";"清涧县"
2887;"610831";"子洲县"
2888;"610881";"神木市"
2889;"610900";"安康市"
2890;"610902";"汉滨区"
2891;"610921";"汉阴县"
2892;"610922";"石泉县"
2893;"610923";"宁陕县"
2894;"610924";"紫阳县"
2895;"610925";"岚皋县"
2896;"610926";"平利县"
2897;"610927";"镇坪县"
2898;"610928";"旬阳县"
2899;"610929";"白河县"
2900;"611000";"商洛市"
2901;"611002";"商州区"
2902;"611021";"洛南县"
2903;"611022";"丹凤县"
2904;"611023";"商南县"
2905;"611024";"山阳县"
2906;"611025";"镇安县"
2907;"611026";"柞水县"
2908;"620000";"甘肃省"
2909;"620100";"兰州市"
2910;"620102";"城关区"
2911;"620103";"七里河区"
2912;"620104";"西固区"
2913;"620105";"安宁区"
2914;"620111";"红古区"
2915;"620121";"永登县"
2916;"620122";"皋兰县"
2917;"620123";"榆中县"
2918;"620200";"嘉峪关市"
2919;"620300";"金昌市"
2920;"620302";"金川区"
2921;"620321";"永昌县"
2922;"620400";"白银市"
2923;"620402";"白银区"
2924;"620403";"平川区"
2925;"620421";"靖远县"
2926;"620422";"会宁县"
2927;"620423";"景泰县"
2928;"620500";"天水市"
2929;"620502";"秦州区"
2930;"620503";"麦积区"
2931;"620521";"清水县"
2932;"620522";"秦安县"
2933;"620523";"甘谷县"
2934;"620524";"武山县"
2935;"620525";"张家川回族自治县"
2936;"620600";"武威市"
2937;"620602";"凉州区"
2938;"620621";"民勤县"
2939;"620622";"古浪县"
2940;"620623";"天祝藏族自治县"
2941;"620700";"张掖市"
2942;"620702";"甘州区"
2943;"620721";"肃南裕固族自治县"
2944;"620722";"民乐县"
2945;"620723";"临泽县"
2946;"620724";"高台县"
2947;"620725";"山丹县"
2948;"620800";"平凉市"
2949;"620802";"崆峒区"
2950;"620821";"泾川县"
2951;"620822";"灵台县"
2952;"620823";"崇信县"
2953;"620825";"庄浪县"
2954;"620826";"静宁县"
2955;"620881";"华亭市"
2956;"620900";"酒泉市"
2957;"620902";"肃州区"
2958;"620921";"金塔县"
2959;"620922";"瓜州县"
2960;"620923";"肃北蒙古族自治县"
2961;"620924";"阿克塞哈萨克族自治县"
2962;"620981";"玉门市"
2963;"620982";"敦煌市"
2964;"621000";"庆阳市"
2965;"621002";"西峰区"
2966;"621021";"庆城县"
2967;"621022";"环县"
2968;"621023";"华池县"
2969;"621024";"合水县"
2970;"621025";"正宁县"
2971;"621026";"宁县"
2972;"621027";"镇原县"
2973;"621100";"定西市"
2974;"621102";"安定区"
2975;"621121";"通渭县"
2976;"621122";"陇西县"
2977;"621123";"渭源县"
2978;"621124";"临洮县"
2979;"621125";"漳县"
2980;"621126";"岷县"
2981;"621200";"陇南市"
2982;"621202";"武都区"
2983;"621221";"成县"
2984;"621222";"文县"
2985;"621223";"宕昌县"
2986;"621224";"康县"
2987;"621225";"西和县"
2988;"621226";"礼县"
2989;"621227";"徽县"
2990;"621228";"两当县"
2991;"622900";"临夏回族自治州"
2992;"622901";"临夏市"
2993;"622921";"临夏县"
2994;"622922";"康乐县"
2995;"622923";"永靖县"
2996;"622924";"广河县"
2997;"622925";"和政县"
2998;"622926";"东乡族自治县"
2999;"622927";"积石山保安族东乡族撒拉族自治县"
3000;"623000";"甘南藏族自治州"
3001;"623001";"合作市"
3002;"623021";"临潭县"
3003;"623022";"卓尼县"
3004;"623023";"舟曲县"
3005;"623024";"迭部县"
3006;"623025";"玛曲县"
3007;"623026";"碌曲县"
3008;"623027";"夏河县"
3009;"630000";"青海省"
3010;"630100";"西宁市"
3011;"630102";"城东区"
3012;"630103";"城中区"
3013;"630104";"城西区"
3014;"630105";"城北区"
3015;"630121";"大通回族土族自治县"
3016;"630122";"湟中县"
3017;"630123";"湟源县"
3018;"630200";"海东市"
3019;"630202";"乐都区"
3020;"630203";"平安区"
3021;"630222";"民和回族土族自治县"
3022;"630223";"互助土族自治县"
3023;"630224";"化隆回族自治县"
3024;"630225";"循化撒拉族自治县"
3025;"632200";"海北藏族自治州"
3026;"632221";"门源回族自治县"
3027;"632222";"祁连县"
3028;"632223";"海晏县"
3029;"632224";"刚察县"
3030;"632300";"黄南藏族自治州"
3031;"632321";"同仁县"
3032;"632322";"尖扎县"
3033;"632323";"泽库县"
3034;"632324";"河南蒙古族自治县"
3035;"632500";"海南藏族自治州"
3036;"632521";"共和县"
3037;"632522";"同德县"
3038;"632523";"贵德县"
3039;"632524";"兴海县"
3040;"632525";"贵南县"
3041;"632600";"果洛藏族自治州"
3042;"632621";"玛沁县"
3043;"632622";"班玛县"
3044;"632623";"甘德县"
3045;"632624";"达日县"
3046;"632625";"久治县"
3047;"632626";"玛多县"
3048;"632700";"玉树藏族自治州"
3049;"632701";"玉树市"
3050;"632722";"杂多县"
3051;"632723";"称多县"
3052;"632724";"治多县"
3053;"632725";"囊谦县"
3054;"632726";"曲麻莱县"
3055;"632800";"海西蒙古族藏族自治州"
3056;"632801";"格尔木市"
3057;"632802";"德令哈市"
3058;"632803";"茫崖市"
3059;"632821";"乌兰县"
3060;"632822";"都兰县"
3061;"632823";"天峻县"
3062;"640000";"宁夏回族自治区"
3063;"640100";"银川市"
3064;"640104";"兴庆区"
3065;"640105";"西夏区"
3066;"640106";"金凤区"
3067;"640121";"永宁县"
3068;"640122";"贺兰县"
3069;"640181";"灵武市"
3070;"640200";"石嘴山市"
3071;"640202";"大武口区"
3072;"640205";"惠农区"
3073;"640221";"平罗县"
3074;"640300";"吴忠市"
3075;"640302";"利通区"
3076;"640303";"红寺堡区"
3077;"640323";"盐池县"
3078;"640324";"同心县"
3079;"640381";"青铜峡市"
3080;"640400";"固原市"
3081;"640402";"原州区"
3082;"640422";"西吉县"
3083;"640423";"隆德县"
3084;"640424";"泾源县"
3085;"640425";"彭阳县"
3086;"640500";"中卫市"
3087;"640502";"沙坡头区"
3088;"640521";"中宁县"
3089;"640522";"海原县"
3090;"650000";"新疆维吾尔自治区"
3091;"650100";"乌鲁木齐市"
3092;"650102";"天山区"
3093;"650103";"沙依巴克区"
3094;"650104";"新市区"
3095;"650105";"水磨沟区"
3096;"650106";"头屯河区"
3097;"650107";"达坂城区"
3098;"650109";"米东区"
3099;"650121";"乌鲁木齐县"
3100;"650200";"克拉玛依市"
3101;"650202";"独山子区"
3102;"650203";"克拉玛依区"
3103;"650204";"白碱滩区"
3104;"650205";"乌尔禾区"
3105;"650400";"吐鲁番市"
3106;"650402";"高昌区"
3107;"650421";"鄯善县"
3108;"650422";"托克逊县"
3109;"650500";"哈密市"
3110;"650502";"伊州区"
3111;"650521";"巴里坤哈萨克自治县"
3112;"650522";"伊吾县"
3113;"652300";"昌吉回族自治州"
3114;"652301";"昌吉市"
3115;"652302";"阜康市"
3116;"652323";"呼图壁县"
3117;"652324";"玛纳斯县"
3118;"652325";"奇台县"
3119;"652327";"吉木萨尔县"
3120;"652328";"木垒哈萨克自治县"
3121;"652700";"博尔塔拉蒙古自治州"
3122;"652701";"博乐市"
3123;"652702";"阿拉山口市"
3124;"652722";"精河县"
3125;"652723";"温泉县"
3126;"652800";"巴音郭楞蒙古自治州"
3127;"652801";"库尔勒市"
3128;"652822";"轮台县"
3129;"652823";"尉犁县"
3130;"652824";"若羌县"
3131;"652825";"且末县"
3132;"652826";"焉耆回族自治县"
3133;"652827";"和静县"
3134;"652828";"和硕县"
3135;"652829";"博湖县"
3136;"652900";"阿克苏地区"
3137;"652901";"阿克苏市"
3138;"652922";"温宿县"
3139;"652923";"库车县"
3140;"652924";"沙雅县"
3141;"652925";"新和县"
3142;"652926";"拜城县"
3143;"652927";"乌什县"
3144;"652928";"阿瓦提县"
3145;"652929";"柯坪县"
3146;"653000";"克孜勒苏柯尔克孜自治州"
3147;"653001";"阿图什市"
3148;"653022";"阿克陶县"
3149;"653023";"阿合奇县"
3150;"653024";"乌恰县"
3151;"653100";"喀什地区"
3152;"653101";"喀什市"
3153;"653121";"疏附县"
3154;"653122";"疏勒县"
3155;"653123";"英吉沙县"
3156;"653124";"泽普县"
3157;"653125";"莎车县"
3158;"653126";"叶城县"
3159;"653127";"麦盖提县"
3160;"653128";"岳普湖县"
3161;"653129";"伽师县"
3162;"653130";"巴楚县"
3163;"653131";"塔什库尔干塔吉克自治县"
3164;"653200";"和田地区"
3165;"653201";"和田市"
3166;"653221";"和田县"
3167;"653222";"墨玉县"
3168;"653223";"皮山县"
3169;"653224";"洛浦县"
3170;"653225";"策勒县"
3171;"653226";"于田县"
3172;"653227";"民丰县"
3173;"654000";"伊犁哈萨克自治州"
3174;"654002";"伊宁市"
3175;"654003";"奎屯市"
3176;"654004";"霍尔果斯市"
3177;"654021";"伊宁县"
3178;"654022";"察布查尔锡伯自治县"
3179;"654023";"霍城县"
3180;"654024";"巩留县"
3181;"654025";"新源县"
3182;"654026";"昭苏县"
3183;"654027";"特克斯县"
3184;"654028";"尼勒克县"
3185;"654200";"塔城地区"
3186;"654201";"塔城市"
3187;"654202";"乌苏市"
3188;"654221";"额敏县"
3189;"654223";"沙湾县"
3190;"654224";"托里县"
3191;"654225";"裕民县"
3192;"654226";"和布克赛尔蒙古自治县"
3193;"654300";"阿勒泰地区"
3194;"654301";"阿勒泰市"
3195;"654321";"布尔津县"
3196;"654322";"富蕴县"
3197;"654323";"福海县"
3198;"654324";"哈巴河县"
3199;"654325";"青河县"
3200;"654326";"吉木乃县"
3201;"659001";"石河子市"
3202;"659002";"阿拉尔市"
3203;"659003";"图木舒克市"
3204;"659004";"五家渠市"
3205;"659005";"北屯市"
3206;"659006";"铁门关市"
3207;"659007";"双河市"
3208;"659008";"可克达拉市"
3209;"659009";"昆玉市"
3210;"710000";"台湾省"
3211;"810000";"香港特别行政区"
3212;"820000";"澳门特别行政区"
